{"keV": [4.47, 31.817, 32.194, 36.304, 36.378, 37.255, 1435.795, 4.84, 34.279, 34.72, 39.17, 39.258, 40.228, 788.742], "intensity": [6.1, 10.7, 19.4, 1.86, 3.59, 1.14, 65.5, 0.0127, 0.026, 0.0472, 0.00459, 0.00886, 0.00285, 34.5], "halfLife": ["1.03\u00d710+11 y", "1.03\u00d710+11 y"]}