{"keV": [3.311, 3.314, 3.59, 3.59, 1293.64, 1677.0], "intensity": [0.00027, 0.00054, 5e-05, 2.5e-05, 99.16, 0.052], "halfLife": ["109.61 m"]}