{"keV": [0.34, 3.688, 3.692, 4.013, 4.013, 511.0, 2574.8, 2959.3], "intensity": [0.00026, 0.00415, 0.0082, 0.00086, 0.000437, 199.812, 0.023, 0.0139], "halfLife": ["596.3 ms"]}