{"keV": [11.7, 81.069, 83.787, 94.247, 94.868, 97.53, 144.4, 324.31, 328.9, 472.59, 515.83, 653.14, 796.8, 840.18], "intensity": [0.102, 0.0455, 0.075, 0.0091, 0.0173, 0.00649, 0.00011, 2.77, 0.004, 0.0039, 0.00142, 0.00024, 0.00017, 0.0028], "halfLife": ["36.17 s"]}