{"keV": [0.34, 3.688, 3.692, 4.013, 4.013, 313.0, 511.0, 1524.0], "intensity": [0.00027, 0.0043, 0.0085, 0.00089, 0.000452, 0.0075, 199.805, 0.0075], "halfLife": ["680.79 ms"]}