{"keV": [0.4, 4.086, 4.091, 4.461, 4.461, 511.0, 611.0, 1888.4], "intensity": [0.00032, 0.0054, 0.0108, 0.00117, 0.00059, 208.0, 56.0, 0.41], "halfLife": ["208.65 ms"]}