{"keV": [11.7, 81.069, 83.787, 94.247, 94.868, 97.53, 186.211, 262.27, 414.6, 449.37, 600.66], "intensity": [0.81, 0.196, 0.323, 0.0391, 0.0745, 0.028, 3.64, 0.005, 0.0003, 0.00019, 0.00049], "halfLife": ["1600 y"]}