{"keV": [2.98, 21.99, 22.163, 24.912, 24.943, 25.455, 32.46, 93.124, 98.2, 300.9, 324.81, 356.4, 364.0, 423.15, 436.6, 461.7, 511.0, 526.5, 549.9, 597.27, 624.91, 648.4, 719.93, 786.45, 796.462, 799.92, 818.23, 828.934, 856.5, 898.17, 934.0, 949.8, 1050.0, 1097.5, 1129.9, 1143.0, 1165.7, 1223.0, 1232.6, 1259.0, 1325.8], "intensity": [10.4, 31.5, 59.4, 5.08, 9.8, 2.45, 0.0047, 4.7, 0.00135, 0.00261, 0.0306, 0.00034, 0.00012, 0.0293, 0.00026, 0.00065, 0.4, 0.0045, 0.0009, 0.0076, 0.0035, 0.00018, 0.00359, 0.00163, 0.0649, 0.00196, 0.00204, 0.163, 9e-05, 0.0097, 7.3e-05, 0.0013, 0.0002, 0.00196, 0.0072, 1.2e-05, 0.00041, 8e-07, 0.00047, 4.9e-05, 8.2e-05], "halfLife": ["6.50 h"]}