{"keV": [1.739, 1.74, 1.836, 1.836, 511.0, 1263.13, 1534.12, 1552.36, 2235.23, 3498.33, 3769.22], "intensity": [0.00214, 0.0043, 7.3e-05, 3.7e-05, 199.71, 0.00081, 0.0001, 0.0034, 0.059, 0.00075, 8e-05], "halfLife": ["2.498 m"]}