{"keV": [3.77, 27.202, 27.472, 30.944, 30.995, 31.704, 148.21, 189.61, 209.86, 254.49, 291.828, 336.21, 371.0, 400.3, 444.09, 469.06, 481.42, 525.5, 530.45, 572.06, 602.726, 632.489, 645.852, 662.42, 709.34, 713.776, 722.782, 735.7, 735.9, 766.32, 775.27, 790.706, 816.82, 856.68, 899.23, 968.195, 976.62, 1045.125, 1053.8, 1086.7, 1263.45, 1301.14, 1325.504, 1355.2, 1368.157, 1376.09, 1385.33, 1436.554, 1445.11, 1488.887, 1526.317, 1565.7, 1579.82, 1622.4, 1690.971, 1720.72, 1852.14, 1918.74, 2016.34, 2039.55, 2079.88, 2090.93, 2099.25, 2108.323, 2172.1, 2182.58, 2283.62, 2294.02, 2323.45, 2455.21, 2681.9, 2693.57, 2807.52], "intensity": [0.0447, 0.124, 0.228, 0.021, 0.0406, 0.0117, 0.0039, 0.0064, 0.0055, 0.0161, 0.0087, 0.074, 0.038, 0.139, 0.1889, 0.05, 0.0237, 0.138, 0.0421, 0.019, 97.8, 0.1046, 7.42, 0.029, 1.353, 2.276, 10.76, 0.056, 0.071, 0.01213, 0.0094, 0.739, 0.0729, 0.0238, 0.0172, 1.882, 0.0832, 1.833, 0.0049, 0.0378, 0.0413, 0.0343, 1.58, 1.038, 2.624, 0.483, 0.063, 1.217, 0.33, 0.672, 0.409, 0.014, 0.38, 0.0409, 47.57, 0.0951, 0.0065, 0.0545, 0.095, 0.0642, 0.021, 5.49, 0.0457, 0.0433, 0.0021, 0.0424, 0.008, 0.032, 0.00243, 0.0015, 0.00165, 0.003, 0.00147], "halfLife": ["60.20 d"]}