{"keV": [0.51, 4.945, 4.952, 5.427, 5.427, 62.289, 90.639, 133.8, 152.928, 511.0, 595.3, 657.5, 1021.3, 1027.8, 1064.63, 1155.33, 1361.61, 1423.3, 1508.3, 1514.1, 1570.6, 2091.1, 2143.7, 2155.7, 2181.6, 2218.6, 2236.2, 2310.6], "intensity": [0.042, 0.81, 1.61, 0.182, 0.093, 16.4, 53.2, 3.14e-07, 30.3, 186.0, 0.00013, 0.00013, 0.0005, 0.00013, 2.7e-05, 8e-05, 0.045, 0.01, 0.008, 0.026, 0.02, 0.0004, 0.00092, 0.00016, 3.2e-05, 0.00019, 0.00022, 0.0001], "halfLife": ["42.3 m"]}