{"keV": [0.57, 5.405, 5.415, 5.947, 5.947, 272.3, 511.0, 2231.5, 2504.8], "intensity": [0.00038, 0.0075, 0.0148, 0.00166, 0.00085, 6.0, 200.0, 0.6, 1.7], "halfLife": ["382 ms"]}