{"keV": [632.98, 2.84, 21.02, 21.177, 23.791, 23.819, 24.299, 383.2, 388.6, 433.96, 497.1, 510.1, 511.0, 618.86, 880.26, 931.12, 1007.22, 1106.0, 1441.14, 1540.0], "intensity": [1.76, 0.131, 0.53, 1.0, 0.085, 0.163, 0.0397, 0.0009, 0.0018, 0.5, 0.0022, 0.0017, 0.57, 0.261, 0.0032, 0.00055, 0.0139, 0.00165, 0.003, 0.00105], "halfLife": ["2.382 m", "2.382 m"]}