{"keV": [12.7, 16.5, 19.6, 23.6, 24.5, 25.48, 27.36, 29.97, 35.83, 38.2, 44.14, 46.34, 50.83, 52.71, 54.6, 57.19, 57.19, 60.5, 63.64, 71.9, 72.67, 74.15, 77.34, 87.675, 90.886, 96.84, 100.85, 102.101, 102.6, 102.841, 105.738, 124.58, 144.4, 198.89, 219.9, 228.0, 230.0, 232.2, 243.08, 245.6, 246.04, 255.78, 258.44, 260.19, 273.15, 277.22, 277.39, 283.682, 300.066, 302.667, 302.667, 312.92, 327.14, 330.055, 340.71, 351.5, 354.48, 357.11, 359.33, 363.84, 379.35, 384.7, 387.0, 391.61, 395.5, 398.14, 407.806, 410.3, 427.0, 435.0, 438.01, 471.3, 478.4, 486.827, 491.0, 501.4, 509.7, 516.2, 535.6, 546.5, 571.6, 583.0, 609.0], "intensity": [45.0, 0.221, 0.35, 0.0049, 0.0052, 0.119, 10.5, 0.097, 0.0162, 0.145, 0.055, 0.186, 0.002, 0.077, 0.07, 0.0328, 0.0028, 0.0053, 0.0445, 0.002, 0.003, 0.0223, 0.0572, 0.699, 1.13, 0.084, 0.0228, 0.14, 0.007, 0.266, 0.101, 0.0043, 0.0115, 0.0042, 0.000247, 0.000313, 0.0016, 0.000792, 0.0336, 0.0067, 0.012, 0.1059, 0.0023, 0.182, 0.0577, 0.0679, 0.00346, 1.65, 2.41, 2.3, 0.17, 0.0986, 0.0359, 1.36, 0.177, 0.0038, 0.0961, 0.168, 0.0084, 0.008, 0.0496, 0.00364, 0.0003, 0.00673, 0.00233, 0.0094, 0.0355, 0.0018, 0.0007, 0.00292, 0.0045, 0.000198, 0.0001171, 0.00155, 0.0004, 0.00078, 0.0009, 0.00137, 0.00061, 0.00082, 0.00049, 0.00429, 0.0071], "halfLife": ["3.276\u00d710+4 y"]}