{"keV": [9.2, 10.25, 13.3, 17.2, 18.07, 19.1, 25.64, 42.86, 44.08, 58.57, 63.86, 68.5, 72.751, 77.69, 81.228, 82.087, 84.214, 89.95, 92.282, 93.02, 95.863, 99.278, 102.27, 105.81, 106.61, 107.595, 108.422, 111.486, 115.63, 116.82, 124.914, 134.03, 135.664, 136.75, 140.54, 145.06, 145.94, 163.101, 165.0, 169.66, 174.15, 183.5, 188.76, 217.94, 236.01, 240.27, 242.5, 249.6, 250.45, 267.62, 274.1, 308.78, 311.0, 317.87, 320.15, 351.8], "intensity": [0.033, 0.0502, 59.0, 0.23, 0.0, 0.24, 14.1, 0.059, 0.0007, 0.462, 0.023, 0.0058, 0.252, 0.0042, 0.9, 0.42, 6.6, 1.0, 0.35, 0.047, 0.57, 0.131, 0.436, 0.0078, 0.0176, 0.071, 0.135, 0.052, 0.00106, 0.0222, 0.058, 0.025, 0.079, 0.0044, 0.00073, 0.0057, 0.0317, 0.154, 0.00343, 0.00132, 0.0178, 0.033, 0.0033, 0.0396, 0.0092, 0.00029, 0.00083, 0.00079, 0.00066, 0.00125, 3.4e-05, 0.00036, 0.0031, 9.6e-05, 0.00015, 6.6e-05], "halfLife": ["25.52 h"]}