{"keV": [9.3, 13.0, 15.2, 24.33, 28.57, 37.9, 39.88, 51.85, 53.23, 56.41, 60.6, 61.33, 64.38, 66.94, 68.33, 72.78, 74.85, 77.52, 89.88, 89.957, 93.35, 99.09, 102.93, 104.819, 105.604, 108.582, 111.1, 117.98, 150.7, 157.79, 159.39, 189.9, 190.62, 204.2, 211.4, 219.6, 241.2, 242.7, 264.66, 279.76, 289.01, 294.5, 309.68, 13.3, 18.07, 25.65, 58.55, 68.5, 72.75, 77.69, 81.228, 82.087, 84.23, 89.95, 92.282, 93.02, 95.863, 99.278, 102.3, 105.81, 107.595, 108.422, 111.486, 115.63, 124.914, 136.75, 165.0, 171.43, 174.15, 183.5, 189.5, 196.0, 217.9, 236.01, 240.3, 242.5, 264.55, 273.71, 308.7, 311.0, 317.7, 320.15], "intensity": [8.2e-09, 0.00084, 4.3e-06, 3.8e-06, 4.8e-06, 5e-06, 1.5e-06, 1.5e-06, 1.6e-05, 5.8e-06, 2.5e-07, 3.8e-06, 7.5e-06, 6e-06, 1.9e-05, 1.9e-06, 2.3e-06, 1.5e-06, 4.8e-06, 1e-05, 1.6e-05, 1.2e-06, 4e-06, 2e-06, 3.8e-06, 1.5e-06, 7.7e-07, 1.8e-06, 8e-07, 1.5e-06, 1.5e-06, 4.2e-07, 1.2e-06, 8e-07, 9e-07, 5.2e-07, 1.3e-07, 3.3e-07, 6.9e-06, 3.6e-06, 3.1e-06, 5.8e-07, 2.3e-06, 100.0, 0.065, 14.6, 0.47, 0.0066, 0.011, 0.00438, 0.011, 0.011, 7.3, 0.042, 17.5, 0.139, 28.2, 0.0055, 1.26, 0.00033, 3.5, 6.7, 2.57, 4.5e-05, 0.00247, 0.042, 0.000146, 0.0146, 0.00073, 0.0014, 0.00018, 0.00018, 0.29, 0.089, 0.00096, 0.008, 0.0204, 0.045, 0.00139, 0.027, 0.00031, 0.00115], "halfLife": ["4.2 d", "4.2 d"]}