{"keV": [6.27, 43.744, 44.482, 50.228, 50.384, 51.698, 85.8, 102.3, 109.4, 136.9, 156.0, 178.3, 339.6, 442.0, 462.1, 511.0, 616.2, 620.24, 627.0, 657.8, 691.9, 772.0, 794.9, 847.1, 890.0, 950.8, 1045.9, 1068.9, 1085.4, 1097.0, 1187.5, 1247.2, 1276.9, 1332.7, 1366.0, 1547.0, 1642.9, 1650.2, 1840.1], "intensity": [15.0, 21.6, 38.5, 3.95, 7.65, 2.55, 0.0386, 0.0289, 0.0482, 0.125, 0.00964, 0.521, 0.0386, 0.125, 0.106, 7.546, 0.00964, 96.39, 0.0675, 0.164, 0.164, 0.00964, 0.202, 0.0771, 0.241, 0.386, 0.28, 0.0771, 0.0386, 0.00964, 0.0289, 1.446, 0.183, 0.145, 0.0193, 0.00964, 0.00964, 0.0386, 0.0578], "halfLife": ["3.3 m"]}