{"keV": [5.64, 39.522, 40.118, 45.293, 45.414, 46.578, 303.59, 362.8, 393.8, 550.27, 592.83, 611.26, 819.27, 874.18, 896.42, 903.94, 914.85, 1113.88, 1152.5, 1371.3, 1454.21, 1465.12, 1507.68, 1664.15, 1734.12, 1763.7, 2284.39, 2314.0], "intensity": [0.0343, 0.0563, 0.101, 0.0101, 0.0195, 0.00644, 0.038, 0.0011, 0.0155, 22.0, 0.353, 1.02, 0.0133, 0.235, 0.981, 0.0422, 11.5, 0.0222, 0.0029, 0.0138, 0.051, 22.2, 0.0056, 0.0113, 0.0386, 0.0062, 0.0444, 0.00011], "halfLife": ["5.368 d"]}