{"keV": [6.5, 45.208, 45.988, 51.947, 52.113, 53.476, 73.392, 689.3, 762.4, 6.95, 48.221, 49.128, 55.48, 55.674, 57.142, 91.39], "intensity": [12.4, 14.4, 25.0, 2.7, 5.1, 1.72, 1.88, 0.00057, 0.00047, 1.64, 0.823, 1.45, 0.154, 0.298, 0.1, 2.3], "halfLife": ["28.8 m", "28.8 m"]}