{"keV": [5.64, 39.522, 40.118, 45.293, 45.414, 46.578, 78.7, 125.0, 135.05, 205.15, 251.596, 272.79, 272.79, 284.995, 286.293, 286.293, 286.293, 298.061, 305.7, 310.82, 315.0, 333.971, 335.7, 340.38, 342.56, 345.955, 370.721, 370.721, 372.728, 377.728, 377.73, 381.99, 402.152, 403.36, 406.52, 439.401, 448.789, 453.38, 458.36, 461.761, 464.11, 464.11, 474.498, 476.89, 476.89, 485.931, 505.521, 509.84, 509.84, 511.0, 515.792, 520.085, 540.55, 542.972, 553.2, 571.259, 571.259, 575.51, 584.274, 590.71, 596.53, 607.32, 612.693, 612.693, 612.693, 625.568, 637.826, 662.66, 667.05, 667.05, 667.05, 675.856, 676.81, 699.5, 712.205, 731.22, 737.455, 741.467, 748.057, 749.8, 751.068, 756.51, 759.57, 762.03, 773.283, 777.0, 788.0, 816.44, 828.562, 830.816, 831.92, 836.58, 838.4, 859.867, 869.256, 899.071, 910.88, 915.28, 923.267, 953.2, 978.47, 1045.873, 1045.873, 1046.12, 1049.043, 1071.002, 1081.46, 1083.34, 1122.855, 1165.74, 1170.587, 1193.826, 1197.108, 1246.968, 1251.25, 1261.98, 1308.675, 1321.91, 1334.06, 1343.777, 1346.4, 1350.29, 1379.12, 1379.12, 1417.0, 1420.0, 1485.49, 1499.35, 1636.53, 1690.668, 1710.0, 1736.0, 1783.19, 1818.52, 1833.3], "intensity": [14.0, 22.7, 40.8, 4.06, 7.9, 2.59, 0.082, 0.0019, 0.011, 0.029, 0.171, 0.015, 0.023, 0.166, 0.06, 0.07, 0.098, 0.639, 0.033, 0.029, 0.017, 95.16, 0.036, 0.155, 0.168, 0.395, 0.079, 0.028, 0.237, 0.112, 0.112, 0.111, 0.774, 0.238, 0.139, 79.6, 0.257, 0.026, 0.044, 0.818, 0.38, 0.08, 0.144, 0.018, 0.018, 0.164, 4.76, 0.124, 0.124, 0.038, 0.98, 0.457, 0.086, 0.133, 0.032, 0.409, 0.409, 0.03, 52.1, 0.031, 0.052, 0.166, 0.092, 0.092, 0.092, 0.307, 0.014, 0.015, 0.257, 0.257, 0.13, 0.504, 0.01, 0.006, 1.08, 0.333, 9.52, 0.847, 5.14, 0.666, 2.12, 0.112, 0.076, 0.028, 0.6, 0.007, 0.004, 0.049, 0.58, 0.527, 0.067, 0.305, 0.057, 0.58, 1.837, 0.933, 0.086, 0.016, 0.305, 0.045, 0.02, 0.9, 0.9, 0.088, 5.33, 0.143, 0.029, 0.162, 0.333, 0.105, 1.323, 0.79, 1.12, 1.89, 0.162, 0.457, 0.885, 0.171, 0.409, 2.57, 0.029, 0.171, 0.039, 0.039, 0.00024, 0.007, 1.88, 0.039, 0.714, 0.15, 0.00057, 0.00019, 0.102, 0.0038, 0.0026], "halfLife": ["36.9 y"]}