{"keV": [4.11, 29.461, 29.782, 33.562, 33.624, 34.419, 442.901, 460.1, 511.0, 526.557, 590.24, 613.493, 966.48, 969.458, 986.64, 1030.17, 1081.11, 1140.079, 1157.54, 1162.02, 1203.5, 1239.75, 1283.41, 1303.355, 1392.31, 1409.0, 1434.4, 1461.19, 1474.42, 1477.66, 1488.8, 1513.01, 1541.21, 1552.3, 1556.71, 1599.8, 1629.07, 1663.49, 1684.14, 1749.0, 1756.0, 1804.04, 1810.0, 1829.9, 1837.5, 1867.96, 1918.87, 1978.15, 1987.8, 1999.7, 2001.1, 2039.56, 2067.7, 2078.23, 2090.85, 2107.8, 2121.8, 2129.5, 2141.06, 2148.64, 2155.68, 2190.08, 2275.57, 2283.3, 2361.8, 2364.1, 2380.8, 2394.51, 2416.58, 2430.7, 2482.7, 2494.0, 2510.78, 2550.4, 2564.76, 2591.54, 2617.1, 2632.94, 2656.68, 2662.0, 2667.52, 2718.5, 2823.0, 2838.07, 2859.47, 2876.7, 2937.79, 2963.7, 3061.9, 3099.2, 3104.9, 3110.0, 3406.6], "intensity": [2.71, 6.83, 12.6, 1.18, 2.27, 0.689, 26.8, 0.032, 138.0, 2.41, 0.072, 0.351, 0.035, 0.63, 0.029, 0.217, 0.0161, 1.17, 0.0072, 0.0096, 0.0072, 0.0121, 0.0096, 0.117, 0.0137, 0.0035, 0.0129, 0.0289, 0.0048, 0.0088, 0.0013, 0.052, 0.0177, 0.0016, 0.0134, 0.0046, 0.135, 0.0244, 0.115, 0.0032, 0.0008, 0.0056, 0.007, 0.0064, 0.0035, 0.0064, 0.038, 0.047, 0.0265, 0.0008, 0.0005, 0.032, 0.0035, 0.0121, 0.0027, 0.0021, 0.0011, 0.0021, 0.007, 0.047, 0.161, 0.055, 0.0147, 0.0032, 0.047, 0.011, 0.0008, 0.0214, 0.034, 0.0059, 0.0029, 0.00024, 0.0032, 0.0008, 0.0021, 0.0056, 0.0013, 0.0062, 0.0016, 0.0005, 0.0032, 0.0008, 0.00029, 0.0052, 0.0056, 0.00021, 0.0029, 0.00019, 0.00011, 0.00016, 0.00134, 3.5e-05, 0.00021], "halfLife": ["3.66 m"]}