{"keV": [0.93, 8.028, 8.048, 8.905, 8.905, 366.27, 507.9, 609.5, 770.6, 852.7, 954.5, 1115.53, 1481.84, 1623.42, 1724.92], "intensity": [0.000199, 0.00187, 0.00366, 0.000436, 0.000224, 4.81, 0.293, 0.155, 0.104, 0.097, 0.0018, 15.43, 23.59, 0.498, 0.399], "halfLife": ["2.51719 h"]}