{"keV": [0.93, 8.028, 8.048, 8.905, 8.905, 344.95, 511.0, 770.6, 1115.539], "intensity": [1.24, 11.6, 22.6, 2.7, 1.38, 0.00253, 2.842, 0.00268, 50.04], "halfLife": ["243.93 d"]}