{"keV": [0.677, 0.677, 511.0, 659.25, 1041.52, 1080.51, 1700.72], "intensity": [0.00027, 0.00013, 199.9, 0.135, 7.83, 0.00226, 0.0538], "halfLife": ["1.672 s"]}