{"keV": [0.7, 6.391, 6.404, 7.058, 7.058, 511.0, 1328.0], "intensity": [0.0009, 0.0099, 0.0196, 0.00233, 0.00119, 200.0, 5.6], "halfLife": ["240 ms"]}