{"keV": [10.642, 12.0, 26.0, 36.7, 38.5, 46.2, 49.1, 57.8, 62.9, 64.3, 69.87, 71.4, 73.5, 73.9, 74.6, 78.8, 83.231, 86.105, 87.4, 94.9, 96.7, 96.815, 97.474, 99.6, 99.8, 100.214, 100.8, 103.6, 108.4, 111.5, 112.8, 114.0, 119.9, 123.8, 124.8, 126.2, 129.2, 133.6, 134.9, 137.6, 139.6, 144.7, 145.2, 150.1, 152.6, 153.9, 157.3, 169.1, 169.9, 170.7, 178.3, 179.8, 186.1, 186.3, 187.2, 188.0, 195.8, 197.4, 197.9, 198.4, 204.7, 216.9, 224.7, 228.2, 236.0, 240.7, 243.2, 249.6, 253.5, 256.0, 279.3, 284.8, 298.6, 317.4, 321.8, 354.9, 356.6, 362.2, 368.3, 375.0, 403.4, 406.2, 417.9, 435.0, 450.1, 452.4, 458.8, 462.4, 469.5, 481.1, 492.6, 512.5, 515.3, 517.9, 522.1, 526.1, 529.7, 531.2, 545.8, 552.0, 565.6, 568.3, 571.0, 591.4, 594.6, 601.0, 603.5, 629.9, 637.1, 649.5, 680.4, 780.6, 824.2], "intensity": [8.5, 13.0, 0.0015, 0.0155, 0.0094, 0.0039, 0.0066, 0.0039, 0.43, 0.041, 0.0047, 0.0126, 0.025, 0.264, 0.022, 0.0107, 0.75, 1.23, 0.226, 0.084, 0.028, 0.15, 0.29, 0.7, 1.0, 0.108, 0.075, 0.0023, 0.216, 0.264, 0.0018, 0.00075, 0.066, 0.072, 0.024, 0.007, 0.0022, 0.017, 0.027, 0.0019, 0.0012, 0.0004, 0.126, 0.6, 0.019, 0.182, 0.32, 0.007, 0.012, 0.017, 0.014, 0.0094, 0.011, 0.0036, 0.0089, 0.45, 0.123, 0.023, 0.033, 0.017, 0.0011, 0.271, 0.098, 0.004, 0.0015, 0.01, 0.003, 0.012, 0.116, 0.0006, 0.025, 0.0063, 0.0018, 0.00011, 0.003, 0.0023, 0.000229, 0.0042, 0.0006, 0.0017, 0.00016, 0.0067, 0.0048, 0.0024, 0.0032, 0.089, 0.00058, 0.0008, 0.0028, 0.029, 0.00022, 0.0005, 0.019, 0.015, 0.0018, 0.033, 0.0071, 0.004, 0.00046, 0.0056, 0.00019, 0.0013, 0.0032, 0.0007, 0.0028, 0.0037, 0.0016, 0.00026, 0.0001, 0.0012, 0.00061, 5e-05, 4e-05], "halfLife": ["10.0 d"]}