{"keV": [13.6, 47.57, 94.654, 98.434, 108.95, 110.421, 111.298, 114.445, 166.09, 218.0, 338.5, 364.0, 404.46, 423.85, 472.34, 515.58, 563.19, 577.95, 581.41, 590.28, 643.87, 677.0, 687.04, 710.1, 734.55, 811.26, 819.27, 866.88, 879.9, 920.23, 967.9], "intensity": [11.2, 0.065, 0.000143, 0.000229, 0.0225, 2.87e-05, 5.44e-05, 2.11e-05, 0.000735, 8.4e-06, 7.2e-06, 1.09e-05, 5.5e-06, 6.3e-07, 2.5e-06, 0.000163, 0.000114, 1.2e-06, 4.1e-06, 1.8e-06, 0.000225, 9.5e-08, 6.8e-06, 3.2e-07, 3.08e-06, 9.4e-07, 6e-06, 4.9e-06, 2.1e-06, 9.6e-07, 3.5e-07], "halfLife": ["2.858 y"]}