{"keV": [13.0, 49.46, 89.957, 93.35, 104.819, 105.604, 108.582, 112.79, 171.15], "intensity": [9.0, 0.078, 0.00124, 0.002, 0.00025, 0.00047, 0.00018, 0.019, 6.2e-05], "halfLife": ["2.342\u00d7107 y"]}