{"keV": [9.71, 56.8, 61.46, 66.991, 68.806, 77.577, 77.982, 80.13, 180.11, 200.38, 207.1, 241.5, 261.75, 318.6, 360.2, 401.74, 439.5, 511.0, 546.4, 585.13, 599.66, 671.13, 716.79, 778.0, 779.8, 811.4, 821.08, 841.27, 841.27, 868.9, 910.63, 930.9, 989.15, 1009.35, 1021.56, 1049.27, 1082.9, 1091.7, 1111.04, 1172.38, 1189.5, 1251.14, 1263.2, 1292.2, 1324.7, 1353.7, 1372.0, 1432.6, 1443.2], "intensity": [49.0, 0.00065, 6.4, 23.0, 38.0, 4.6, 8.8, 3.2, 1.95, 0.036, 1.6, 0.071, 1.6, 0.00091, 0.013, 0.005, 0.127, 0.13, 0.0013, 2.04, 1.83, 0.025, 0.008, 0.0006, 7.0, 0.019, 0.3, 0.28, 0.37, 0.0036, 0.064, 0.43, 0.011, 0.028, 0.19, 0.02, 0.071, 0.008, 1.48, 1.28, 0.022, 0.015, 0.005, 0.005, 0.0015, 0.01, 0.0018, 0.0008, 0.001], "halfLife": ["10.53 h"]}