{"keV": [5.64, 22.51, 39.522, 40.118, 45.293, 45.414, 46.578, 72.983, 122.0, 129.5, 130.098, 178.58, 208.283, 251.51, 254.566, 272.21, 277.089, 281.295, 285.95, 308.0, 327.526, 350.016, 376.5, 381.7, 506.093, 528.587, 535.897, 558.372, 568.27, 590.88, 613.915, 636.05, 636.5], "intensity": [21.7, 2.32, 21.9, 39.4, 3.92, 7.6, 2.51, 0.0141, 0.0003, 0.0004, 0.0031, 0.0185, 0.0121, 0.0109, 0.636, 0.00013, 3.56, 0.0226, 0.0007, 0.0001, 4.03, 0.367, 3e-05, 0.0035, 0.558, 0.508, 0.048, 0.052, 2.4e-05, 9.6e-05, 0.00026, 0.0003, 0.00015], "halfLife": ["93.1 d"]}