{"keV": [5.85, 40.902, 41.542, 46.905, 47.038, 48.249, 82.5, 125.981, 127.1, 128.75, 132.006, 138.13, 149.735, 184.512, 186.74, 189.7, 196.93, 214.277, 238.25, 252.219, 260.736, 264.67, 266.97, 272.321, 278.28, 292.86, 298.634, 341.65, 346.651, 348.96, 352.81, 372.62, 384.539, 398.816, 404.296, 416.08, 418.77, 421.63, 431.297, 436.369, 436.369, 447.42, 459.814, 478.71, 482.635, 492.81, 496.383, 511.0, 516.545, 534.295, 552.76, 563.48, 590.96, 598.94, 601.201, 645.315, 649.06, 662.898, 666.289, 673.65, 719.19, 726.21, 734.863, 748.601, 761.22, 776.78, 788.876, 794.7, 798.92, 802.94, 812.634, 862.863, 875.89, 932.96, 938.61, 947.835, 952.68, 956.4, 992.204, 1012.61, 1015.31, 1081.58, 1096.67, 1097.54, 1207.74, 1220.64, 1231.0, 1246.41], "intensity": [19.6, 30.6, 55.0, 5.5, 10.6, 3.5, 0.031, 0.121, 0.01, 0.037, 0.075, 0.087, 48.0, 0.047, 0.0094, 0.01, 0.08, 0.194, 0.014, 0.27, 1.32, 0.041, 0.0304, 3.21, 0.069, 0.096, 28.6, 0.079, 23.9, 0.096, 0.042, 0.014, 0.076, 0.045, 0.199, 0.0235, 0.0052, 0.0034, 0.071, 0.047, 0.0159, 0.053, 0.58, 0.228, 0.074, 0.0186, 1.66, 0.003, 2.69, 3.07, 0.086, 0.0102, 0.011, 0.0193, 0.059, 1.46, 0.0107, 0.284, 0.87, 0.0032, 0.011, 0.082, 0.126, 8.2, 0.0075, 0.0144, 7.3, 0.031, 0.048, 0.043, 0.147, 0.067, 0.151, 0.62, 2.39, 0.96, 0.0106, 0.017, 0.0323, 0.0225, 0.0121, 0.0181, 0.00159, 0.009, 0.00111, 0.00077, 0.00035, 0.00202], "halfLife": ["9.28 d"]}