{"keV": [5.64, 22.52, 39.522, 40.118, 45.293, 45.414, 46.578, 72.98, 208.28, 242.1, 254.57, 263.23, 277.09, 281.24, 285.95, 305.22, 323.95, 327.53, 350.0, 350.71, 353.46, 359.57, 506.1, 528.6, 531.61, 535.9, 544.27, 547.17, 550.01, 552.92, 558.37, 568.36, 590.88, 613.92, 636.5, 664.4, 785.23, 808.11, 812.92, 830.53, 833.4, 835.55, 859.46, 881.98, 930.2, 952.8], "intensity": [0.13, 0.025, 0.0661, 0.119, 0.0118, 0.0229, 0.00756, 3.1e-05, 0.00146, 0.00019, 0.0053, 0.0096, 0.0288, 0.0074, 3.1, 0.00257, 0.00152, 0.0037, 0.000344, 0.00149, 0.00031, 0.00149, 0.00012, 0.00012, 0.00149, 0.0115, 0.00248, 0.00161, 0.00019, 0.00059, 0.0152, 0.0186, 0.069, 0.0149, 0.0093, 0.00078, 0.00037, 0.0164, 0.00031, 0.033, 0.033, 0.00109, 0.109, 0.0239, 0.00059, 0.00087], "halfLife": ["53.08 h"]}