{"keV": [8.65, 59.718, 61.141, 68.995, 69.309, 71.195, 125.358], "intensity": [0.0127, 0.0119, 0.0204, 0.00235, 0.00451, 0.00158, 0.0192], "halfLife": ["75.1 d"]}