{"keV": [1.81, 13.0, 16.36, 18.17, 25.14, 28.7, 29.1846, 32.1, 42.43, 42.66, 45.3, 48.6, 52.66, 53.63, 54.699, 55.2, 58.6, 67.943, 71.8159, 74.539, 76.3507, 82.957, 89.2, 89.957, 90.0, 91.0, 91.1, 93.35, 96.224, 97.134, 99.93, 104.819, 105.604, 108.582, 111.8, 117.1628, 118.9721, 125.41, 127.02, 127.6, 135.3393, 135.55, 145.41, 146.3462, 148.16, 154.85, 156.04, 156.3, 157.98, 161.46, 162.01, 163.38, 164.524, 165.0, 168.97, 170.8091, 172.3, 174.1919, 187.9669, 189.6, 203.47, 205.8, 208.1795, 217.1519, 217.6, 219.5, 223.85, 237.4, 239.41, 240.51, 241.18, 245.3498, 248.4, 248.8, 252.07, 259.32, 259.37, 261.8, 261.958, 268.6747, 274.7347, 277.21, 278.108, 278.7, 280.72, 284.67, 287.1, 288.08, 288.5, 291.3561, 293.995, 303.55, 307.29, 309.54, 314.12, 317.1689, 320.5471, 323.3806, 330.51, 332.52, 336.6195, 343.3, 352.07, 365.77, 367.83, 370.44, 388.05, 404.72, 406.45, 406.53, 420.7, 422.94, 425.36, 436.2, 440.71, 444.4, 449.17, 449.4, 457.07, 458.87, 474.1, 478.64, 489.21, 492.22, 497.35, 515.25, 526.4, 526.89, 533.47, 540.08, 540.9, 542.68, 562.84, 569.3, 576.04, 576.2, 605.26, 614.82, 653.86, 661.59, 688.96, 779.0], "intensity": [1.03e-05, 6.8, 3.2e-05, 0.0023, 0.0176, 0.00032, 0.053, 0.00032, 0.0119, 0.0135, 0.001, 0.0012, 0.0038, 0.0032, 0.052, 0.00016, 0.00014, 0.0046, 0.0108, 0.194, 0.0184, 0.00014, 0.0014, 1.09, 0.0016, 0.0035, 0.0043, 1.77, 0.0011, 0.059, 0.0059, 0.219, 0.417, 0.16, 0.01, 0.42, 0.165, 4.9e-05, 0.0154, 0.0154, 1.0, 0.03, 0.057, 0.92, 0.0167, 0.01, 0.0084, 0.043, 0.022, 0.014, 0.0173, 0.0108, 2.7, 0.0073, 0.0054, 0.01, 0.007, 0.0116, 0.063, 0.0024, 0.025, 0.0022, 0.0165, 0.1, 0.0051, 0.0143, 0.0178, 0.0162, 0.24, 0.0316, 0.015, 0.294, 0.11, 0.26, 0.8, 0.254, 0.043, 0.0157, 1.03, 0.0281, 0.0329, 0.0084, 0.069, 0.0132, 0.0257, 0.14, 0.046, 0.108, 0.108, 0.297, 0.0143, 0.0068, 0.059, 0.014, 0.021, 0.63, 0.159, 0.089, 0.0132, 0.0024, 0.063, 0.0049, 0.049, 0.086, 0.0246, 0.0176, 0.0356, 0.211, 0.108, 0.095, 0.0065, 0.162, 0.0073, 0.151, 0.041, 0.0262, 0.1, 0.38, 0.078, 0.0043, 0.0111, 0.47, 0.0049, 0.0076, 0.0181, 0.0311, 0.057, 0.181, 0.108, 0.078, 0.0151, 0.0116, 0.208, 2.32, 0.07, 0.095, 0.65, 0.0043, 0.0005, 0.0092, 0.0043, 0.0014], "halfLife": ["62.7 m"]}