{"keV": [12.7, 34.8, 34.8, 40.09, 64.7, 67.8, 75.12, 79.0, 80.6, 87.675, 90.886, 93.6, 94.86, 102.101, 102.841, 105.738, 111.9, 115.55, 120.8, 122.8, 125.71, 135.2, 140.85, 152.0, 155.65, 158.4, 169.9, 179.9, 13.0, 13.244, 29.1851, 29.19, 42.44, 42.4425, 74.542, 76.35, 89.957, 93.35, 104.819, 105.604, 108.582, 117.2, 119.0, 146.4, 148.2], "intensity": [0.204, 0.0024, 0.0024, 0.104, 0.045, 0.0065, 0.035, 0.00173, 0.00058, 0.083, 0.134, 0.00101, 0.0022, 0.0165, 0.031, 0.012, 0.00058, 0.0182, 0.0115, 0.00082, 0.0036, 0.0035, 0.0022, 0.00053, 0.00096, 0.00024, 0.0019, 0.00038, 39.7, 0.0015, 0.006, 0.002, 0.044, 0.00012, 0.0143, 0.0105, 18.2, 29.3, 3.63, 6.92, 2.65, 0.047, 0.129, 0.097, 0.0181], "halfLife": ["1.50 d", "1.50 d"]}