{"keV": [11.1, 11.79, 12.3, 17.36, 23.6, 25.39, 28.68, 29.9, 29.9, 31.1, 31.5, 31.57, 33.04, 37.8, 42.3, 42.82, 43.99, 46.52, 49.75, 50.99, 53.75, 55.11, 56.518, 59.33, 63.7, 64.96, 65.91, 68.09, 68.8, 68.8, 68.83, 72.739, 75.1, 75.19, 77.63, 78.3, 85.431, 86.25, 86.4, 88.471, 89.09, 89.09, 89.09, 94.7, 94.73, 94.92, 97.01, 98.86, 99.432, 100.13, 101.1, 101.58, 101.58, 102.498, 102.54, 104.6, 107.108, 109.2, 110.3, 110.332, 114.75, 115.85, 115.85, 118.1, 118.1, 119.98, 123.193, 124.55, 124.65, 126.48, 126.48, 131.926, 134.19, 134.19, 134.19, 136.99, 137.0, 139.8, 142.0, 142.962, 147.64, 148.15, 150.04, 151.6, 151.6, 154.336, 156.409, 158.42, 163.34, 166.976, 167.45, 169.2, 169.2, 169.2, 171.76, 172.926, 174.05, 174.05, 174.05, 174.7, 179.757, 182.12, 183.0, 183.928, 185.6, 185.6, 186.1, 189.25, 190.63, 193.52, 193.52, 194.3, 200.807, 204.69, 210.15, 210.853, 213.48, 215.1, 216.0, 217.41, 218.154, 219.8, 219.8, 221.22, 225.26, 225.26, 228.6, 234.8, 234.8, 236.249, 242.6, 244.4, 250.1, 252.43, 259.08, 267.4, 274.1, 276.85, 278.65, 281.27, 282.6, 289.62, 293.78, 296.21, 298.72, 303.75, 307.3, 310.1, 313.3, 317.8, 320.8, 324.6, 327.9, 327.9, 328.2, 329.9, 334.74, 336.7, 336.7, 341.1, 344.3, 347.4, 349.4, 349.4, 351.7, 358.0, 361.0, 366.5, 366.5, 368.1, 368.9, 375.1, 377.4, 379.4, 386.4, 395.3, 399.9, 403.3, 408.5, 414.61, 417.4, 419.9, 424.8, 435.3, 444.1, 452.6, 454.76, 459.1, 465.0, 478.0, 478.0, 483.7, 487.3, 492.9, 503.6, 503.6, 513.5, 523.5, 535.1, 535.1, 543.0, 549.8, 551.7, 561.8, 565.7, 573.0, 579.2, 592.5, 594.4], "intensity": [12.3, 0.00051, 80.0, 0.18, 0.00123, 0.008, 0.1, 0.00205, 0.113, 0.84, 1.19, 0.068, 0.0103, 0.0033, 0.082, 0.164, 0.66, 0.0205, 0.0215, 0.017, 0.011, 0.0027, 0.287, 0.0123, 0.0051, 0.087, 0.161, 0.069, 0.041, 0.092, 0.136, 0.144, 0.61, 0.0021, 0.045, 0.0082, 14.7, 1.33, 2.57, 23.9, 0.144, 0.0103, 0.0051, 0.028, 0.267, 0.013, 0.011, 0.12, 2.93, 5.61, 0.018, 0.049, 0.049, 2.12, 0.16, 0.009, 0.81, 0.044, 0.0092, 0.124, 0.0151, 0.0103, 0.0103, 0.007, 0.013, 0.051, 0.151, 0.69, 0.74, 0.014, 0.009, 0.336, 0.0014, 0.006, 0.0094, 1.18, 0.041, 0.0046, 0.011, 0.404, 0.205, 0.88, 0.03, 0.026, 0.026, 0.77, 1.19, 0.048, 0.021, 0.205, 0.051, 0.003, 0.004, 0.001, 0.04, 0.113, 0.001, 0.0071, 0.0067, 0.031, 0.197, 0.0055, 0.0071, 0.142, 0.001, 0.001, 0.013, 0.0104, 0.0101, 0.0007, 4.41, 0.031, 0.069, 0.6, 0.19, 2.8, 0.0087, 0.137, 0.053, 0.0065, 0.185, 0.0034, 0.0004, 0.023, 0.063, 0.0031, 0.00062, 0.00082, 0.000841, 0.174, 0.083, 0.0013, 0.00034, 0.095, 0.034, 0.0008, 0.00072, 0.0042, 0.0068, 0.0072, 0.0038, 0.015, 0.0066, 0.0165, 0.007, 0.0017, 0.006, 0.0021, 0.00037, 0.00054, 0.00016, 0.00043, 0.0015, 0.016, 0.0021, 0.00062, 0.00043, 0.00821, 5e-05, 0.00082, 5e-05, 0.00062, 0.00041, 5e-05, 0.00051, 0.0062, 0.00062, 0.00041, 5e-05, 0.0019, 0.0019, 0.00031, 0.0029, 0.00133, 0.00082, 0.00082, 0.00014, 0.00185, 0.00103, 0.00031, 0.00144, 0.00062, 0.0033, 0.0032, 0.00051, 0.00174, 0.0105, 0.00103, 0.000103, 0.0037, 0.0037, 0.00185, 0.00041, 0.00152, 0.00012, 3e-05, 0.00072, 0.00051, 0.00133, 0.0001, 0.000103, 0.000103, 0.00011, 0.00195, 0.00092, 0.0028, 0.00062, 0.00031, 0.000103], "halfLife": ["7340 y"]}