{"keV": [3.311, 3.314, 3.59, 3.59, 328.0, 511.0, 1240.0, 1567.7, 1643.0, 1698.0, 2534.0, 2883.0, 3210.0, 3342.0, 3519.0, 3716.0, 3726.0, 3848.0], "intensity": [0.0041, 0.0081, 0.00075, 0.00038, 3.02, 199.7, 0.048, 20.1, 0.08, 0.016, 0.0021, 0.14, 0.277, 0.024, 0.008, 0.004, 0.038, 0.113], "halfLife": ["440 ms"]}