{"keV": [7.1, 8.65, 29.23, 36.38, 40.75, 43.66, 59.718, 61.141, 68.995, 69.309, 70.2, 71.195, 72.002, 77.37, 93.22, 100.38, 103.8, 106.596, 106.596, 113.746, 115.5, 123.66, 134.247, 138.5, 141.22, 154.4, 165.7, 168.5, 178.8, 198.34, 206.247, 208.29, 239.13, 246.2, 261.0, 262.7, 275.61, 303.0, 352.86, 374.31, 375.93, 454.92, 479.53, 484.15, 491.2, 511.76, 551.55, 564.62, 573.71, 576.31, 582.0, 589.06, 612.9, 618.37, 625.52, 638.65, 638.65, 641.1, 647.3, 682.34, 685.81, 693.06, 727.22, 730.32, 745.21, 767.4, 772.87, 794.8, 816.56, 825.95, 826.65, 835.55, 844.7, 864.55, 879.44, 933.8, 960.17, 968.78, 1000.82, 1056.24, 1086.6, 1095.9, 1190.38, 1220.8, 1230.1], "intensity": [0.0037, 9.2, 0.006, 0.009, 0.0023, 0.0023, 8.35, 14.3, 1.65, 3.17, 0.0216, 1.11, 13.55, 0.0086, 0.006, 0.0106, 0.0106, 0.0309, 0.0309, 0.092, 0.0056, 0.003, 10.36, 0.0053, 0.00797, 0.0166, 0.001, 0.003, 0.013, 0.002, 0.153, 0.001, 0.1, 0.136, 0.013, 0.013, 0.0027, 0.00056, 0.0019, 0.003, 0.0043, 0.0362, 26.6, 0.0209, 0.03, 0.807, 6.14, 0.015, 0.00063, 0.008, 0.39, 0.15, 0.0027, 7.57, 1.314, 0.004, 0.004, 0.037, 0.001, 0.008, 33.2, 0.0017, 0.0432, 0.01, 0.368, 0.0019, 5.02, 0.0266, 0.015, 0.00028, 0.00028, 0.00996, 0.0003, 0.409, 0.171, 0.01328, 0.00159, 0.0465, 0.00498, 0.00027, 5e-05, 5e-05, 0.00026, 0.00021, 0.00159], "halfLife": ["24.000 h"]}