{"keV": [0.78, 6.915, 6.93, 7.649, 7.649, 142.651, 189.0, 192.343, 334.8, 382.0, 1099.245, 1291.59, 1481.7], "intensity": [0.00058, 0.0061, 0.012, 0.00144, 0.00074, 1.02, 0.0009, 3.08, 0.27, 0.018, 56.5, 43.2, 0.059], "halfLife": ["44.495 d"]}