{"keV": [0.93, 8.028, 8.048, 8.905, 8.905, 423.0, 491.4, 511.0, 914.2], "intensity": [0.00161, 0.0151, 0.0295, 0.00352, 0.0018, 0.1, 4.8, 200.0, 1.1], "halfLife": ["182.0 ms"]}