{"keV": [4.84, 34.279, 34.72, 39.17, 39.258, 40.228, 642.0, 508.8, 1575.6], "intensity": [0.00175, 0.0034, 0.0062, 0.0006, 0.00117, 0.00038, 0.00221, 0.023, 3.7], "halfLife": ["19.12 h", "19.12 h"]}