{"keV": [4.29, 30.625, 30.973, 34.92, 34.987, 35.818, 54.887, 72.43, 78.736, 82.442, 89.04, 92.288, 117.69, 123.804, 128.09, 133.617, 137.323, 157.16, 216.088, 239.621, 246.858, 249.435, 268.71, 279.17, 294.503, 297.83, 323.2, 351.202, 368.964, 373.256, 390.06, 404.039, 406.11, 417.3, 423.69, 427.564, 451.415, 458.96, 461.25, 462.68, 474.2, 480.399, 486.507, 496.321, 506.1, 517.64, 533.68, 546.3, 550.46, 562.824, 572.697, 585.031, 596.48, 599.94, 620.094, 630.23, 657.64, 661.6, 674.418, 696.467, 703.47, 745.57, 757.0, 785.92, 795.85, 797.38, 827.79, 831.583, 840.9, 884.58, 914.035, 919.65, 923.866, 954.61, 968.887, 1037.0, 1046.4, 1047.601, 1125.97, 1170.52, 1208.47, 1218.3, 1341.98], "intensity": [12.3, 28.0, 51.2, 4.85, 9.35, 2.9, 0.106, 0.0096, 0.758, 0.0192, 0.0038, 0.6, 0.022, 29.8, 0.0144, 2.18, 0.0384, 0.179, 20.4, 2.5, 0.648, 2.96, 0.0091, 0.012, 0.173, 0.0038, 0.0064, 0.096, 0.017, 14.4, 0.00197, 1.344, 0.021, 0.0029, 0.00202, 0.0979, 0.0418, 0.0058, 0.058, 0.048, 0.0024, 0.338, 2.146, 48.0, 0.0019, 0.0024, 0.0014, 0.0036, 0.0022, 0.0038, 0.161, 1.224, 0.00178, 0.00163, 1.474, 0.0037, 0.0036, 0.0067, 0.1358, 0.152, 0.0072, 0.0013, 0.00048, 0.0024, 0.00072, 0.036, 0.0037, 0.234, 0.0019, 0.0023, 0.0475, 0.0091, 0.744, 0.0331, 0.0374, 0.00048, 0.093, 1.34, 0.0027, 0.00163, 0.00178, 0.00048, 0.0011], "halfLife": ["11.50 d"]}