{"keV": [1.59, 12.598, 12.651, 14.104, 14.111, 14.311, 17.3, 19.1, 52.42, 63.84, 107.72, 111.0, 116.25, 129.72, 141.65, 143.41, 147.06, 149.34, 154.82, 160.76, 182.77, 201.2, 218.8, 219.3, 275.1, 286.2, 302.4, 302.4, 304.0, 312.7, 320.2, 350.6, 382.5, 384.1, 397.6, 401.8, 428.7, 461.5, 476.1, 486.8, 505.4, 506.0, 511.0, 524.2, 533.3, 541.0, 543.7, 558.3, 569.2, 603.2, 605.6, 622.2, 663.1, 688.1, 724.4, 774.1, 786.0, 788.3, 792.3, 815.1, 841.6, 858.1, 892.5, 907.3, 915.8, 921.6, 930.5, 934.9, 941.2, 949.6, 951.4, 955.3, 973.7, 973.7, 973.7, 976.7, 1009.4, 1072.3, 1072.3, 1076.0, 1090.3, 1117.0, 1124.5, 1132.4, 1137.7, 1140.7, 1151.4, 1158.7, 1161.7, 1170.1, 1184.1, 1208.0, 1225.8, 1245.6, 1257.1, 1279.7, 1279.7, 1285.4, 1291.9, 1298.3, 1416.9, 1427.2, 1454.4, 1474.7, 1480.3, 1504.7, 1521.8, 1558.8, 1576.6, 1629.7, 1663.0, 1665.5, 1678.4, 1682.6, 1833.6, 1833.6, 1897.7, 1922.5, 1925.3, 1947.8, 1955.9, 1974.7, 1981.9, 2052.7, 2183.7, 2183.7, 2201.9, 2293.9, 2296.1, 2400.2, 2402.7, 2434.1, 2453.7, 2456.9, 2586.1], "intensity": [1.33, 8.9, 17.2, 1.23, 2.39, 0.316, 0.23, 0.164, 0.295, 0.084, 0.07, 0.0398, 0.211, 10.9, 0.68, 14.1, 10.6, 0.68, 8.0, 8.7, 19.4, 0.18, 0.51, 0.63, 0.108, 0.91, 0.09, 0.16, 0.105, 0.066, 0.077, 7.3, 0.23, 1.19, 6.1, 0.82, 0.14, 1.24, 0.056, 0.227, 10.8, 2.1, 169.0, 0.22, 1.31, 0.75, 0.14, 0.257, 0.94, 0.68, 0.094, 8.9, 0.07, 23.4, 0.063, 0.61, 0.164, 0.187, 0.023, 0.021, 0.059, 0.035, 0.019, 0.084, 0.61, 0.449, 0.047, 0.332, 0.176, 0.07, 0.014, 0.028, 0.035, 0.035, 0.035, 0.0117, 0.037, 0.03, 0.03, 0.051, 0.0117, 0.044, 0.009, 0.056, 0.122, 0.012, 0.014, 0.021, 0.014, 0.042, 0.253, 0.075, 0.084, 0.037, 0.021, 0.016, 0.016, 0.00468, 0.068, 0.131, 0.042, 0.075, 0.0117, 0.075, 0.168, 0.096, 0.035, 0.021, 0.016, 0.0164, 0.014, 0.021, 0.077, 0.044, 0.009, 0.009, 0.0047, 0.028, 0.012, 0.0117, 0.0094, 0.019, 0.028, 0.026, 0.04, 0.04, 0.023, 0.019, 0.037, 0.023, 0.00468, 0.033, 0.007, 0.014, 0.026], "halfLife": ["22.9 m"]}