{"keV": [14.3, 44.06, 99.525, 101.88, 103.374, 114.4, 116.244, 117.228, 120.09, 120.54, 132.77, 157.42, 174.08, 301.37, 319.26, 321.8, 324.07, 336.38, 357.68, 378.1, 380.33, 421.05, 459.8, 515.53, 561.17, 605.18, 617.41, 617.41, 836.88, 882.63, 897.55, 918.7, 923.99, 924.0, 936.6, 938.85, 941.41, 962.76, 968.2, 983.0, 984.45, 1025.87, 1028.53], "intensity": [0.00435, 0.1039, 0.003, 0.244, 0.00476, 0.005, 0.000575, 0.00113, 0.106, 0.000442, 0.00239, 0.00101, 0.0229, 0.0108, 0.0083, 0.0012, 0.0146, 0.00023, 0.0503, 0.003, 0.0108, 0.0216, 0.003, 0.037, 0.1054, 0.0775, 0.0075, 0.0677, 0.0239, 0.802, 0.008, 0.528, 2.598, 0.0654, 0.36, 0.0294, 0.498, 0.644, 0.008, 0.068, 25.2, 8.75, 18.23], "halfLife": ["2.117 d"]}