{"keV": [13.6, 43.498, 62.7, 94.654, 98.434, 99.853, 110.421, 111.298, 114.445, 140.15, 152.72, 192.91, 200.97, 203.12, 235.9, 258.3, 299.2, 705.9, 708.42, 742.81, 766.39, 783.4, 786.3, 804.4, 805.6, 808.25, 851.7, 880.5, 883.23, 904.3, 926.72, 941.9, 946.0, 1001.03, 1041.8, 1085.4], "intensity": [10.2, 0.0392, 5e-09, 5.79e-05, 9.25e-05, 0.00729, 1.16e-05, 2.2e-05, 8.52e-06, 1e-09, 0.000929, 6.4e-10, 3.9e-06, 4e-09, 1e-08, 8.4e-08, 4.8e-08, 5.3e-08, 4.1e-07, 5.2e-06, 2.2e-05, 2.4e-08, 3.2e-06, 1.2e-07, 6e-08, 7.9e-07, 1.24e-06, 1.6e-07, 7.6e-07, 6.4e-08, 5.8e-07, 4.7e-07, 4e-08, 9.8e-07, 2.2e-07, 9.1e-08], "halfLife": ["87.7 y"]}