{"keV": [13.0, 49.55, 89.957, 93.35, 104.819, 105.604, 108.582, 113.5], "intensity": [7.3, 0.064, 0.00068, 0.0011, 0.000136, 0.00026, 9.9e-05, 0.0102], "halfLife": ["4.468\u00d710+9 y"]}