{"keV": [0.57, 15.7, 23.001, 24.824, 41.0, 45.2, 47.84, 57.92, 58.48, 60.0, 63.4, 73.05, 80.92, 81.48, 85.98, 91.0, 98.88, 109.831, 111.78, 115.032, 128.594, 129.823, 131.13, 131.95, 133.04, 133.483, 149.24, 152.78, 152.78, 158.96, 163.69, 172.88, 177.59, 182.3, 184.59, 186.66, 194.6, 197.4, 204.17, 209.7, 210.7, 211.55, 213.9, 233.69, 245.7, 256.67, 264.15, 267.61, 270.37, 271.88, 285.49, 286.65, 301.0, 327.58, 329.27, 331.52, 332.43, 349.6, 350.6, 366.4, 378.5, 381.0, 390.4, 395.3, 397.5, 400.9, 408.2, 409.6, 412.2, 423.7, 437.7, 443.2, 454.4, 478.3, 482.5, 483.7, 496.2, 502.1, 519.2, 530.4, 542.2, 543.9, 553.0, 565.2, 573.7, 577.5, 577.5, 601.0, 601.0, 607.1, 614.5, 632.1, 641.6, 643.6, 652.5, 660.2, 683.2, 702.3, 707.0, 715.8, 724.1, 731.0, 734.5, 750.5, 763.5, 764.7, 770.0, 785.4, 797.6, 803.8, 807.7, 816.1, 831.9, 831.9, 836.2, 838.4, 847.0, 859.8, 867.8, 903.1, 911.3, 918.1, 920.5, 938.1, 947.8, 956.6, 961.2, 971.2, 981.4, 984.2, 988.8, 991.6, 996.1, 1019.2, 1038.3, 1072.3, 1079.1, 1083.9, 1144.0], "intensity": [19.1, 77.0, 0.136, 0.092, 0.0015, 0.0009, 0.024, 0.16, 0.78, 0.14, 0.001, 0.028, 0.23, 1.0, 0.0075, 0.00032, 0.0028, 0.023, 0.00046, 0.036, 0.0046, 0.0086, 0.027, 0.0017, 0.0068, 0.0034, 0.0006, 0.001, 0.001, 0.0042, 0.002, 0.00025, 0.0045, 6e-05, 0.00087, 0.00011, 3.4e-05, 7e-06, 0.024, 5e-05, 0.00028, 0.00013, 0.000118, 0.00035, 7e-06, 8.6e-05, 0.00104, 0.000152, 0.00035, 3e-05, 0.00037, 5.4e-05, 5e-07, 0.00021, 0.00044, 0.0018, 0.0025, 1e-06, 8e-06, 0.0057, 0.0026, 2e-06, 0.00045, 7e-06, 2.5e-06, 2.9e-05, 2e-06, 0.000125, 3.3e-05, 0.00071, 0.00165, 6.4e-05, 5e-07, 8e-07, 5.7e-05, 0.00036, 0.0002, 7.5e-05, 0.00022, 5e-07, 0.00028, 0.0002, 3.5e-06, 6.5e-05, 6.7e-06, 2e-06, 2e-06, 1.7e-05, 2e-06, 1.3e-06, 1.6e-06, 2.1e-06, 1e-06, 1e-06, 3.6e-06, 5.1e-06, 1.5e-06, 1.4e-06, 3e-06, 2.4e-06, 4.9e-06, 2.8e-06, 1.9e-06, 4.3e-06, 2e-06, 4.9e-06, 8e-06, 9e-07, 9.4e-06, 1.1e-05, 1.1e-05, 3.5e-06, 6e-06, 6e-06, 2.8e-05, 2e-06, 2.2e-06, 1.8e-06, 1e-05, 1.4e-06, 1.2e-05, 1e-06, 2.1e-06, 1.6e-06, 1.6e-06, 2.9e-06, 4.6e-06, 2.9e-05, 1.5e-05, 1.1e-05, 3.3e-06, 2.3e-06, 1.1e-05, 1e-06, 2.2e-06, 5e-06, 3.8e-06, 5.5e-06, 7e-07], "halfLife": ["20.07 h"]}