{"keV": [15.7, 44.0, 51.4, 55.0, 67.1, 109.831, 115.032, 122.1, 128.594, 129.823, 133.483, 331.0, 358.3, 372.2, 383.2, 410.0, 425.4, 477.0, 480.4, 496.0, 616.0, 623.0, 678.0, 683.0, 8.3, 16.0, 47.48, 112.531, 118.012, 131.838, 133.137, 136.887, 281.4, 307.4, 349.9, 375.8, 385.3, 405.6, 429.7, 453.1, 461.0, 487.1, 511.0, 664.0, 694.5, 706.3, 722.1, 769.6, 775.0, 775.0, 833.3, 843.4, 880.8, 901.6, 1056.2, 1124.9, 1151.0, 1183.0, 1193.0, 1209.1, 1230.6, 1242.8, 1245.6, 1251.2, 1256.6, 1293.0, 1298.8, 1301.2, 1348.6], "intensity": [0.6, 0.023, 0.067, 0.0104, 0.005, 0.0136, 0.021, 0.0051, 0.00269, 0.0051, 0.00201, 0.0062, 0.32, 0.0041, 0.0193, 0.009, 0.95, 0.0097, 0.39, 0.00138, 0.00089, 0.0012, 0.0046, 0.00071, 98.2, 49.0, 0.118, 21.2, 32.7, 4.21, 7.9, 3.15, 0.071, 0.035, 0.82, 0.363, 0.03, 0.99, 0.082, 1.45, 0.09, 0.0108, 0.012, 0.017, 0.015, 0.025, 0.081, 0.393, 0.086, 0.041, 0.63, 0.118, 2.19, 0.128, 0.0059, 0.027, 0.0147, 0.073, 0.0088, 0.034, 0.137, 0.0051, 0.0061, 0.0187, 0.064, 0.037, 0.041, 0.0098, 0.0032], "halfLife": ["5.30 h", "5.30 h"]}