{"keV": [1.01, 8.616, 8.639, 9.572, 9.572, 577.8, 736.9, 806.9, 1077.7, 1261.8, 1292.9, 1432.8, 1529.7, 1675.7, 1743.7, 1883.8, 2110.1, 2339.5], "intensity": [0.000288, 0.00267, 0.0052, 0.00063, 0.000325, 2.1, 1.0, 0.7, 61.0, 14.5, 0.35, 0.3, 0.9, 1.6, 1.7, 2.0, 1.6, 1.5], "halfLife": ["30.9 s"]}