{"keV": [1.01, 8.616, 8.639, 9.572, 9.572, 227.31, 483.35, 511.0, 578.52, 682.63, 805.83, 938.73, 1077.34, 1165.92, 1261.08, 1744.42, 1883.16, 2338.44, 2821.73], "intensity": [0.152, 1.4, 2.75, 0.332, 0.171, 0.00012, 0.00026, 177.82, 0.0335, 0.000312, 0.094, 0.000177, 3.22, 1.6e-05, 0.0943, 0.0095, 0.137, 0.00113, 0.00046], "halfLife": ["67.71 m"]}