{"keV": [13.0, 53.2, 89.957, 93.35, 104.819, 105.604, 108.582, 120.9, 454.95, 503.5, 508.2, 581.7, 624.4, 677.6], "intensity": [10.0, 0.123, 0.0026, 0.0041, 0.00051, 0.00097, 0.00037, 0.035, 2.5e-05, 9.6e-07, 1.5e-05, 1.2e-05, 8e-07, 9.8e-07], "halfLife": ["2.455\u00d710+5 y"]}