{"keV": [8.91, 61.486, 63.0, 71.079, 71.414, 73.363, 91.8], "intensity": [0.00093, 0.00079, 0.0013, 0.00016, 0.0003, 0.000106, 0.0005], "halfLife": ["10.6 s"]}