{"keV": [7.9, 54.611, 55.79, 62.985, 63.243, 64.942, 71.7, 96.3, 105.3, 112.9, 129.9, 136.7, 142.4, 177.0, 197.1, 208.4, 210.2, 249.7, 256.9, 268.5, 283.2, 297.7, 311.9, 313.8, 319.3, 321.3, 354.9, 365.1, 395.2, 398.3, 420.8, 424.6, 439.9, 453.2, 491.5, 494.7, 508.1, 526.1, 549.6, 597.7, 604.4, 632.9, 681.5, 734.4, 736.4, 745.9, 760.0, 805.7, 847.4, 873.0, 944.8, 1002.8, 1057.8], "intensity": [24.6, 23.9, 41.0, 4.6, 8.9, 3.05, 0.013, 0.0091, 0.0065, 7.2, 0.001, 0.0077, 0.00055, 0.0021, 0.0029, 0.94, 0.0046, 0.031, 0.00087, 0.00013, 0.00055, 0.0013, 0.00049, 0.00071, 0.0024, 0.022, 0.0019, 0.00016, 0.0053, 0.00056, 0.031, 0.103, 0.00035, 0.0023, 0.031, 0.0042, 0.071, 0.017, 0.006, 0.009, 0.022, 0.029, 0.00075, 0.039, 0.016, 0.21, 0.00067, 0.0027, 0.027, 0.00086, 0.055, 0.00103, 0.29], "halfLife": ["56.56 h"]}