{"keV": [4.11, 29.461, 29.782, 33.562, 33.624, 34.419, 150.39, 203.7, 233.221, 245.95, 262.702, 267.173, 345.43, 361.09, 372.05, 381.59, 386.85, 417.56, 422.91, 438.87, 509.8, 510.53, 522.4, 529.872, 537.73, 554.5, 556.17, 617.974, 648.76, 670.1, 678.65, 680.247, 706.578, 768.382, 789.59, 820.506, 856.278, 875.329, 909.67, 911.49, 1035.58, 1052.296, 1060.07, 1087.71, 1236.441, 1298.223, 1327.2, 1350.38, 1386.15, 1589.94], "intensity": [0.289, 0.638, 1.18, 0.11, 0.212, 0.0643, 0.03, 0.00435, 0.294, 0.035, 0.359, 0.117, 0.104, 0.11, 0.01, 0.045, 0.059, 0.154, 0.311, 0.04, 0.004, 1.83, 0.04, 87.0, 0.036, 0.0004, 0.02, 0.544, 0.057, 0.043, 0.022, 0.65, 1.51, 0.46, 0.05, 0.155, 1.24, 4.51, 0.214, 0.046, 0.0087, 0.556, 0.138, 0.0122, 1.51, 2.35, 0.00022, 0.15, 0.009, 0.003], "halfLife": ["20.83 h"]}