{"keV": [4.47, 12.327, 31.817, 32.194, 36.304, 36.378, 37.255, 136.7, 158.4, 210.54, 227.82, 256.57, 278.835, 286.4, 290.06, 291.17, 293.17, 302.38, 309.56, 324.76, 328.18, 339.35, 345.1, 347.1, 353.28, 374.13, 385.295, 428.7, 435.82, 441.9, 445.3, 465.53, 469.41, 481.73, 494.5, 511.0, 527.464, 534.796, 556.03, 560.28, 565.231, 567.26, 571.9, 581.39, 584.734, 592.22, 595.94, 618.241, 621.542, 630.578, 632.765, 653.04, 664.21, 671.997, 676.47, 719.44, 722.01, 733.63, 751.753, 775.31, 802.3, 809.976, 821.13, 846.183, 848.4, 850.43, 858.496, 874.83, 887.164, 909.27, 911.647, 920.623, 923.9, 932.98, 1009.31, 1021.62, 1038.18, 1043.02, 1061.56, 1080.9, 1099.99, 1111.9, 1111.9, 1199.447, 1211.76, 1230.06, 1241.04, 1261.01, 1283.952, 1317.24, 1329.33, 1329.33, 1340.2, 1387.41, 1398.49, 1404.7, 1415.9, 1467.28, 1478.72, 1516.34, 1528.62, 1550.97, 1563.36, 1608.35, 1620.9, 1677.3, 1694.4, 1706.7, 1757.06, 1769.6, 1818.1, 1830.21], "intensity": [17.3, 1.38, 20.4, 37.0, 3.6, 6.9, 2.17, 0.02, 0.0017, 0.0049, 0.0076, 0.0222, 2.44, 0.0298, 1.38, 0.425, 0.024, 1.61, 0.0134, 0.0078, 0.029, 0.04, 0.0015, 0.0032, 0.0229, 0.0081, 0.076, 0.0041, 0.0249, 0.0017, 0.0041, 0.0102, 0.0207, 0.0339, 0.0029, 14.4, 0.079, 0.049, 0.14, 0.018, 0.53, 0.205, 0.026, 0.0117, 0.171, 0.0317, 0.388, 0.8, 0.525, 0.137, 0.95, 0.01, 0.092, 0.034, 0.027, 0.0034, 0.0031, 0.0023, 0.048, 0.0027, 0.0029, 0.0412, 0.0122, 0.461, 0.0083, 0.024, 0.376, 0.041, 0.0215, 0.0093, 0.095, 0.0188, 0.022, 0.0124, 0.068, 0.0052, 0.0066, 0.0081, 0.082, 0.0032, 0.188, 0.0022, 0.0022, 0.0203, 0.043, 0.0039, 0.0022, 0.0239, 0.062, 0.0224, 0.0083, 0.0083, 0.0044, 0.0033, 0.0046, 0.0029, 0.0039, 0.0018, 0.00168, 0.0017, 0.0037, 0.01, 0.0088, 0.041, 0.0012, 0.0046, 0.0043, 0.00093, 0.0015, 0.0061, 0.00122, 0.0015], "halfLife": ["3.912 h"]}