{"keV": [11.4, 53.81, 78.948, 81.517, 91.73, 92.315, 94.9, 96.3, 100.25, 117.82, 150.21, 171.83, 208.3, 218.12, 282.12, 324.1, 359.86, 382.34, 410.64, 437.0, 446.3, 468.3, 537.8, 562.3, 568.5, 576.9, 652.0, 665.0, 809.3, 891.9], "intensity": [2.0, 0.013, 0.83, 1.37, 0.166, 0.32, 0.118, 0.007, 0.1, 0.022, 0.0478, 0.077, 0.0051, 11.4, 0.0071, 0.0193, 0.0407, 0.0336, 0.12, 0.00095, 0.0017, 0.0014, 0.0051, 0.0051, 0.0012, 0.003, 0.00041, 0.00092, 0.00092, 0.00034], "halfLife": ["4.9 m"]}