{"keV": [0.64, 5.888, 5.899, 6.49, 6.49, 511.0], "intensity": [0.00068, 0.0085, 0.0168, 0.00196, 0.001, 200.0], "halfLife": ["155 ms"]}