{"keV": [0.57, 5.405, 5.415, 5.947, 5.947, 511.0, 783.0, 2844.0, 3044.0, 3628.0, 4215.0], "intensity": [0.00039, 0.0077, 0.0151, 0.0017, 0.00087, 199.792, 1.978e-06, 0.019, 0.00015, 0.038, 0.0007], "halfLife": ["283.19 ms"]}