{"keV": [0.525, 0.525, 787.2, 867.7, 986.93, 1067.5, 1754.9, 1954.7, 2741.5, 2822.2, 6128.63, 6915.5, 7115.15, 8869.3], "intensity": [0.0008, 0.00039, 1.5e-06, 0.00021, 0.0034, 1.5e-05, 0.121, 0.038, 0.82, 0.13, 67.0, 0.038, 4.9, 0.076], "halfLife": ["7.13 s"]}