{"keV": [15.0, 42.0, 96.0, 104.59, 109.271, 122.304, 123.403, 126.889, 147.0], "intensity": [6.5, 0.014, 0.012, 0.000175, 0.000274, 3.45e-05, 6.49e-05, 2.57e-05, 0.0035], "halfLife": ["35.7 h"]}