{"keV": [126.0, 1402.0, 1528.0, 2240.9, 2252.5, 2268.1, 2368.5], "intensity": [0.0017, 0.00133, 0.037, 0.00041, 0.0031, 0.00011, 0.00018], "halfLife": ["3.497 m"]}