{"keV": [0.277, 0.277, 511.0], "intensity": [0.00035, 0.00017, 199.607], "halfLife": ["9.965 m"]}