{"keV": [12.0, 12.9, 25.95, 33.5, 35.0, 37.47, 44.7, 51.06, 52.32, 53.7, 55.0, 55.8, 57.56, 59.4, 60.6, 69.28, 70.6, 72.5, 72.5, 79.54, 82.2, 83.0, 83.231, 85.0, 86.1, 86.105, 86.7, 88.1, 88.1, 88.5, 90.0, 96.815, 97.474, 99.6, 100.214, 101.0, 105.0, 106.85, 108.0, 118.7, 121.6, 121.6, 134.5, 137.4, 140.9, 143.0, 143.0, 143.65, 146.0, 147.61, 149.3, 159.2, 160.49, 161.4, 162.6, 172.0, 174.3, 176.1, 176.1, 206.8, 216.6, 229.7, 230.9, 231.79, 242.6, 243.9, 283.4, 351.7, 415.6, 439.6, 441.0, 460.2, 527.6, 540.4, 9.3, 13.0, 15.2, 24.5, 28.6, 37.9], "intensity": [0.082, 8e-06, 6.1e-07, 0.00012, 3e-05, 3e-06, 0.00012, 3e-07, 1.5e-06, 4.6e-05, 0.00049, 4.3e-06, 3.5e-06, 4.6e-05, 4.6e-05, 0.0043, 9e-05, 8e-05, 8e-05, 0.0012, 0.0009, 1.5e-06, 0.0035, 1.2e-05, 0.00052, 0.006, 0.003, 0.0008, 0.0008, 1.1e-06, 0.0002, 0.0007, 0.0013, 0.0056, 0.0005, 0.0008, 0.00038, 0.0012, 4.6e-05, 4.6e-05, 0.0014, 0.0014, 0.00061, 0.00046, 0.00023, 0.0003, 0.0003, 2.9e-05, 1e-05, 0.0027, 1.5e-05, 0.00061, 0.0049, 0.00015, 6e-05, 0.0011, 0.0003, 0.00036, 0.00036, 0.0011, 6e-05, 0.00046, 1.5e-05, 7.9e-06, 0.0003, 3e-05, 6e-05, 6e-05, 0.00023, 3.8e-05, 6e-05, 0.00023, 3.2e-05, 7.7e-05, 0.00011, 3.33, 0.000629998, 0.0279999, 0.0419999, 0.0489998], "halfLife": ["21.772 y", "21.772 y"]}