{"keV": [6.5, 8.15, 12.3, 20.25, 20.94, 29.6, 29.86, 31.58, 33.39, 40.2, 41.93, 43.77, 43.8, 44.22, 44.4, 44.4, 48.3, 49.82, 50.13, 50.85, 54.19, 54.19, 56.0, 56.42, 61.441, 62.45, 62.45, 62.68, 64.35, 68.74, 68.74, 69.8, 72.85, 73.63, 75.01, 79.69, 85.431, 88.471, 89.6, 93.88, 94.97, 94.97, 96.03, 99.432, 99.58, 99.6, 100.13, 100.27, 102.498, 102.5, 107.76, 107.76, 109.2, 110.65, 113.11, 113.11, 117.2, 123.58, 124.44, 134.6, 141.42, 141.42, 150.14, 162.19, 168.36, 169.95, 173.45, 175.8, 184.65, 197.56, 200.5, 201.64, 204.14, 204.98, 206.08, 210.62, 212.7, 212.7, 218.9, 218.9, 225.5, 229.9, 234.76, 235.96, 246.12, 249.6, 250.15, 250.27, 252.5, 254.63, 256.23, 262.87, 267.05, 267.86, 270.56, 272.91, 279.8, 280.7, 281.42, 281.42, 284.24, 285.52, 286.09, 289.59, 289.77, 292.41, 296.5, 299.98, 300.5, 304.5, 308.4, 312.69, 314.85, 314.85, 318.46, 319.24, 324.88, 325.99, 329.85, 334.37, 339.76, 342.55, 346.45, 350.54, 352.61, 362.63, 369.35, 370.93, 374.8, 376.27, 382.2, 383.51, 398.6, 402.2, 415.11, 432.33, 448.0, 452.9, 457.5, 466.8, 480.0, 482.0, 493.1, 507.5, 516.6, 524.5, 534.6, 536.9, 552.4, 556.1, 569.0, 576.0, 579.0, 589.0, 596.0, 607.7, 621.4, 623.8, 632.3, 641.0, 644.3, 662.8, 692.0, 704.3, 707.2, 718.5, 722.1, 723.5, 734.4, 735.4, 738.4, 746.4, 748.8, 754.1, 754.1, 756.9, 756.9, 762.2, 766.3, 773.4, 775.8, 781.0, 784.2, 787.4, 787.4, 792.6, 792.6, 797.3, 803.9, 808.6, 812.6, 818.0, 818.1, 823.4, 826.7, 828.5, 828.5, 837.8, 842.5, 846.7, 848.3, 854.3, 857.3, 858.9, 863.0, 867.3, 876.3, 878.2, 891.0, 893.0, 896.1, 908.6, 910.0, 920.0, 927.0, 938.0, 941.6, 958.7, 970.0, 971.7, 990.0, 995.0, 999.8, 1015.2, 1020.0, 1025.0], "intensity": [0.09, 0.008, 0.0, 0.24, 0.0, 0.0052, 0.076, 0.068, 0.008, 0.015, 0.028, 0.213, 0.055, 0.053, 0.013, 0.004, 0.014, 0.43, 8.4, 0.015, 0.00065, 0.0065, 0.0049, 0.009, 0.09, 0.2, 0.2, 0.007, 0.026, 0.058, 0.058, 0.01, 0.025, 0.014, 0.027, 1.95, 1.34, 2.18, 0.0039, 1.51, 0.025, 0.025, 0.07, 0.267, 0.026, 0.0129, 0.511, 0.084, 0.193, 0.00116, 0.008, 0.008, 0.0053, 0.0032, 0.54, 0.155, 0.199, 0.014, 0.0041, 0.034, 0.12, 0.12, 0.011, 0.008, 0.015, 0.0055, 0.017, 0.021, 0.036, 0.013, 0.013, 0.024, 0.23, 0.16, 0.25, 1.25, 0.079, 0.019, 0.11, 0.11, 0.009, 0.0039, 0.45, 12.9, 0.0123, 0.008, 0.0089, 0.45, 0.111, 0.71, 7.0, 0.107, 0.01, 0.007, 0.028, 0.51, 0.054, 0.0026, 0.178, 0.178, 0.04, 0.044, 1.74, 1.9, 0.019, 0.066, 0.44, 2.21, 0.014, 1.15, 0.017, 0.52, 0.49, 0.49, 0.0067, 0.032, 0.01, 0.006, 2.9, 1.14, 0.0039, 0.35, 0.012, 0.11, 0.0101, 0.051, 0.0062, 0.004, 0.00155, 0.0052, 0.0065, 0.025, 0.0014, 0.008, 0.0014, 0.0041, 0.00014, 0.0, 7e-05, 0.00049, 0.0003, 0.00014, 0.00054, 0.0007, 0.00028, 0.00019, 0.0001, 0.0011, 0.00023, 0.00037, 0.00059, 0.00032, 0.0005, 5.9e-05, 1e-05, 0.00018, 5.9e-05, 0.00017, 0.00014, 1.9e-05, 9e-05, 5.9e-05, 4e-05, 8e-05, 4e-05, 3e-05, 0.00037, 0.00027, 0.0001, 0.00017, 7e-05, 0.0001, 0.00041, 0.00025, 0.00025, 0.00019, 0.00019, 0.00027, 0.0003, 0.00015, 0.00155, 0.00032, 0.0001, 4e-05, 4e-05, 3e-05, 4e-05, 0.00092, 0.0006, 8e-05, 0.0017, 0.00017, 0.00017, 0.0026, 0.00017, 0.00019, 0.00019, 0.00053, 0.00089, 0.00015, 0.00027, 7e-05, 5.9e-05, 0.00026, 1.9e-05, 0.0003, 0.00023, 0.00014, 1.9e-05, 1.3e-05, 0.00011, 0.0024, 1.5e-05, 1.2e-05, 6e-06, 1e-05, 7.1e-05, 6.2e-05, 0.00014, 1e-05, 3.5e-05, 6e-06, 3e-05, 1.5e-05, 1.9e-05, 1.5e-05], "halfLife": ["18.68 d"]}