{"keV": [15.0, 37.54, 42.87, 54.77, 54.77, 58.3, 65.95, 65.95, 66.8, 76.0, 79.0, 81.0, 92.51, 100.0, 104.59, 109.271, 120.8, 121.6, 122.304, 123.403, 126.889, 198.1, 229.2, 240.89, 252.82, 255.56, 259.0, 266.63, 295.73, 321.25, 333.37, 356.0, 388.17, 390.85, 405.94, 421.0, 483.5, 483.5, 580.27, 588.79, 596.1, 643.64, 647.04, 650.3, 652.7, 663.65, 701.84, 717.04, 718.5, 731.0, 798.0, 841.1, 849.9, 849.9, 890.61, 906.6, 916.63, 971.38, 1054.7, 1102.3], "intensity": [14.5, 0.0145, 0.03, 0.079, 0.07, 0.008, 0.119, 0.0079, 0.0218, 0.1, 0.0066, 0.031, 0.304, 0.00099, 2.01, 3.15, 0.0205, 0.044, 0.396, 0.75, 0.295, 0.009, 0.053, 0.216, 2.59, 0.034, 0.0073, 0.72, 0.141, 0.066, 15.0, 0.005, 66.0, 0.02, 0.0047, 0.00073, 7e-05, 7e-05, 0.000172, 0.00053, 8.6e-05, 0.0071, 0.00158, 0.000224, 0.0002, 0.000119, 0.00099, 0.00031, 0.00058, 6.6e-05, 1.32e-05, 7.3e-06, 1.19e-05, 1.19e-05, 2.31e-05, 7.3e-06, 0.000198, 2e-06, 2e-06, 3.3e-06], "halfLife": ["351 y"]}