{"keV": [5.85, 25.69, 40.902, 41.542, 46.905, 47.038, 48.249, 61.55, 64.5, 78.65, 84.1, 90.1, 104.32, 138.3, 141.411, 167.16, 169.1, 178.3, 183.4, 195.7, 203.1, 220.1, 228.7, 229.0, 245.73, 287.1, 307.3, 426.2, 460.8, 510.2, 522.54, 571.8, 603.8, 631.2, 648.6, 664.0, 665.0, 677.2, 713.4, 768.4, 818.1, 830.0, 880.0, 911.0, 923.0, 932.9, 997.9, 1002.7, 1018.0, 1055.0, 1096.0, 1132.0, 1159.7, 1197.7, 1223.0, 1262.4, 1301.2], "intensity": [3.38, 0.52, 5.03, 9.0, 0.9, 1.74, 0.577, 0.224, 0.0075, 0.254, 0.0023, 0.0093, 74.6, 0.075, 1.98, 0.037, 0.037, 0.0019, 0.0019, 0.0086, 0.037, 0.0021, 0.052, 0.003, 3.73, 0.0011, 0.01, 0.0127, 0.065, 0.0123, 0.149, 0.019, 0.011, 0.017, 0.0075, 0.06, 0.0056, 0.0067, 0.006, 0.0056, 0.00093, 0.00093, 0.0028, 0.00093, 0.00093, 0.0093, 0.012, 0.0168, 0.00093, 0.00093, 0.00093, 0.0019, 0.013, 0.0056, 0.0224, 0.0022, 0.078], "halfLife": ["22.3 m"]}