{"keV": [6.06, 10.49, 18.769, 20.999, 26.533, 31.43, 42.309, 42.996, 45.299, 48.551, 48.695, 49.959, 57.983, 59.63, 60.012, 61.49, 80.6, 86.0, 86.55, 99.02, 101.16, 105.318, 120.6, 129.3, 132.0, 138.29, 141.5, 146.05, 148.64, 150.63, 158.57, 159.1, 160.51, 161.29, 162.65, 163.28, 175.29, 180.08, 181.69, 182.1, 193.319, 200.411, 201.0, 203.37, 206.54, 208.05, 208.58, 216.02, 218.4, 220.07, 220.7, 222.0, 226.95, 232.33, 234.78, 237.5, 239.45, 242.8, 245.0, 261.25, 262.27, 266.02, 268.56, 271.0, 281.06, 286.96, 290.2, 290.2, 304.6, 305.11, 309.21, 321.83, 323.53, 325.44, 336.56, 340.67, 342.58, 346.036, 364.06, 367.36, 367.36, 367.929, 370.73, 379.14, 381.06, 383.35, 390.62, 391.6, 394.6, 402.16, 427.18, 428.7, 445.98, 450.64, 451.6, 454.45, 486.88, 488.65, 499.24, 501.7, 505.52, 509.7, 512.89, 529.76, 532.09, 542.45, 554.78, 559.32, 587.69, 592.08, 598.96, 614.8, 647.73, 658.93], "intensity": [25.7, 0.015, 0.063, 0.00159, 0.394, 0.022, 30.9, 55.0, 1.6, 5.6, 10.8, 3.62, 0.205, 0.021, 1.11, 0.029, 0.015, 0.0151, 32.0, 0.087, 0.161, 25.1, 0.069, 0.0005, 0.008, 0.024, 0.004, 0.048, 2.65, 0.0299, 0.043, 0.008, 0.78, 2.76, 0.017, 4.44, 0.044, 7.5, 0.422, 0.11, 0.00095, 0.23, 0.013, 0.029, 0.171, 0.231, 0.058, 0.136, 0.008, 0.166, 0.51, 0.02, 0.148, 0.0173, 0.033, 0.0028, 0.227, 0.0156, 0.0028, 0.04, 5.3, 0.0028, 0.71, 0.002, 0.302, 0.317, 0.002, 0.002, 0.0005, 0.003, 0.0048, 0.181, 0.023, 0.0045, 0.033, 1.18, 0.0078, 0.0065, 0.0115, 1.48, 0.78, 0.05, 0.228, 0.007, 0.0053, 0.026, 0.019, 0.003, 0.002, 0.072, 0.0274, 0.001, 0.0098, 0.028, 0.0098, 0.0198, 0.0241, 0.017, 0.00093, 0.0115, 0.045, 0.00025, 0.00128, 0.0118, 0.045, 0.004, 0.0198, 0.136, 0.004, 0.0196, 0.0023, 0.03, 0.0141, 0.0003], "halfLife": ["5.32 d"]}