{"keV": [0.34, 3.688, 3.692, 4.013, 4.013, 174.28, 349.1, 417.4, 453.9, 465.2, 492.5, 512.0, 522.4, 623.4, 771.4, 813.4, 871.3, 891.3, 919.3, 957.5, 1098.0, 1260.3, 1336.4, 1434.5, 1705.6, 1725.5, 1860.4, 1879.9, 1899.7, 2074.8, 2179.4, 2217.3, 2349.0, 2353.6, 2392.0, 2522.7, 2596.7, 2666.3, 2769.9, 2802.4, 2841.5, 2849.3, 2976.7, 3120.2, 3294.3, 3479.9, 3491.0, 3653.8, 3704.8], "intensity": [0.00069, 0.011, 0.0219, 0.00228, 0.00116, 74.0, 0.0047, 0.37, 0.042, 0.095, 1.26, 1.2, 0.004, 0.007, 0.111, 0.0058, 0.126, 0.6, 0.86, 7.6, 0.084, 8.5, 2.7, 4.2, 53.0, 0.95, 0.053, 0.2, 0.46, 0.008, 0.95, 0.021, 0.11, 14.1, 0.011, 0.021, 2.74, 0.042, 0.022, 0.358, 0.037, 0.084, 0.105, 0.33, 0.221, 0.037, 0.069, 0.0095, 0.0084], "halfLife": ["17.81 m"]}