{"keV": [9.99, 49.82635, 68.894, 70.818, 79.824, 80.225, 82.473, 158.37851, 208.20481], "intensity": [6.9, 0.36, 5.06, 8.51, 1.028, 1.97, 0.712, 40.0, 8.72], "halfLife": ["3.139 d"]}