{"keV": [4.11, 29.461, 29.782, 33.562, 33.624, 34.419, 77.36, 90.7, 124.7, 172.4, 175.11, 196.73, 201.6, 211.57, 217.48, 250.71, 265.51, 287.16, 308.07, 321.54, 330.27, 336.1, 343.98, 369.41, 375.35, 385.2, 390.05, 405.68, 411.95, 421.0, 462.31, 511.0, 519.13, 555.7, 556.57, 586.7, 587.01, 594.8, 595.3, 603.57, 606.66, 609.6, 609.9, 654.51, 691.1, 719.2, 720.2, 776.07, 785.4, 796.5, 806.34, 814.58, 822.98, 830.3, 862.56, 875.26, 894.31, 930.8, 931.1, 947.6, 976.3, 984.78, 990.64, 995.54, 1004.4, 1024.64, 1072.0, 1073.0, 1081.05, 1086.3, 1110.86, 1129.7, 1146.2, 1159.18, 1170.73, 1181.57, 1188.3, 1192.38, 1196.87, 1207.1, 1213.08, 1219.3, 1236.5, 1261.09, 1290.3, 1296.4, 1306.31, 1321.4, 1341.2, 1365.8, 1385.3, 1394.7, 1402.56, 1409.81, 1419.12, 1431.1, 1433.7, 1446.1, 1455.2, 1457.86, 1484.98, 1487.3, 1509.3, 1519.2, 1534.62, 1558.3, 1582.66, 1592.3, 1649.6, 1681.68, 1716.6, 1741.4, 1770.4, 1774.9, 1806.5, 1831.0, 1895.0, 1909.0, 1973.4], "intensity": [8.9, 22.4, 41.3, 3.86, 7.45, 2.26, 0.0189, 0.201, 11.38, 0.019, 0.117, 0.38, 0.009, 0.082, 0.042, 0.038, 0.13, 3.83, 0.012, 1.308, 0.0069, 0.0107, 0.0572, 0.0088, 0.454, 0.0931, 0.0528, 0.016, 62.9, 0.0132, 5.08, 6.1, 0.0472, 0.16, 0.026, 0.023, 4.21, 0.006, 0.05, 0.0164, 0.0107, 0.038, 0.025, 0.0138, 0.0025, 0.031, 0.019, 0.0075, 0.0044, 0.0038, 0.455, 0.0264, 0.143, 0.005, 0.0075, 0.0428, 0.0189, 0.019, 0.415, 0.005, 0.0019, 0.0749, 0.0377, 0.0371, 0.00019, 0.017, 0.025, 0.016, 0.0201, 0.0057, 0.0151, 0.0044, 0.0025, 0.0447, 0.0579, 0.1069, 0.0094, 0.012, 0.231, 0.0038, 0.0465, 0.0113, 0.0107, 0.0925, 0.0132, 0.0044, 0.199, 0.0025, 0.0088, 0.005, 0.0019, 0.0157, 0.0541, 0.113, 0.0535, 0.0038, 0.0019, 0.0025, 0.005, 0.0113, 0.0264, 0.0044, 0.0094, 0.0075, 0.0843, 0.0057, 0.0434, 0.0126, 0.0107, 0.022, 0.0252, 0.00126, 0.00126, 0.017, 0.0028, 0.0031, 0.00057, 0.00126, 0.0138], "halfLife": ["6.25 h"]}