{"keV": [15.7, 42.721, 99.16, 109.831, 115.032, 119.4, 126.01, 128.594, 129.823, 133.483, 160.26, 165.44, 199.72, 303.95, 511.0, 586.6, 626.1, 786.26, 828.9, 889.9, 929.4, 989.1, 1028.5, 1031.9, 1047.8, 1103.0, 1111.5, 1133.0, 1146.7, 1154.9, 1167.3, 1175.5, 1201.7, 1223.8, 1244.4, 1254.0, 1296.54, 1516.22, 1615.3, 1658.1, 15.7, 34.325, 41.775, 42.721, 46.093, 55.602, 56.527, 61.667, 66.759, 79.998, 80.412, 82.282, 85.086, 99.16, 102.623, 103.44, 109.831, 115.032, 119.4, 128.594, 129.823, 133.483, 140.694, 146.8, 154.35, 165.44, 184.2, 199.72, 222.993, 246.92, 303.41, 349.4, 383.7, 712.3, 764.2, 810.2, 829.0, 863.2, 866.7, 929.4, 1028.5], "intensity": [58.0, 0.0274, 0.033, 21.5, 33.3, 3.3e-05, 0.00186, 4.3, 8.0, 3.19, 0.0084, 7e-05, 5.4e-05, 0.081, 0.51, 0.39, 1.18, 0.19, 5.5, 0.44, 0.1, 13.3, 0.25, 10.6, 0.098, 0.09, 0.26, 0.69, 0.2, 0.098, 2.94, 1.57, 1.23, 0.32, 0.34, 0.173, 0.0092, 0.047, 1.76, 1.03, 253.0, 0.064, 0.24, 0.076, 0.161, 0.168, 0.07, 0.83, 0.05, 0.115, 0.28, 2.56, 1.05, 0.83, 0.185, 0.7, 46.3, 72.0, 6e-05, 9.2, 17.3, 6.9, 4.6, 0.23, 0.3, 0.000118, 0.46, 9.9e-05, 1.8, 3.69, 22.0, 20.1, 13.9, 1.31, 3.91, 8.9, 72.0, 5.0, 1.27, 0.138, 0.44], "halfLife": ["2.22 h", "8.6 h"]}