{"keV": [4.65, 13.846, 29.966, 33.034, 33.442, 37.72, 37.801, 38.726, 43.8, 63.17, 99.49, 113.51, 118.837, 132.687, 162.66, 304.849, 418.44, 423.722, 437.575, 467.5, 537.261, 551.08], "intensity": [13.4, 1.22, 14.1, 0.548, 1.0, 0.096, 0.186, 0.0599, 0.001, 2.9e-05, 2e-05, 0.0161, 0.061, 0.202, 6.22, 4.29, 0.00366, 3.15, 1.929, 0.001, 24.39, 0.00312], "halfLife": ["12.7527 d"]}