{"keV": [4.84, 34.279, 34.72, 39.17, 39.258, 40.228, 306.9, 511.0, 751.8, 925.3, 950.987, 1303.5, 1420.7, 1596.1, 2347.8, 2521.4, 2547.5, 2900.0, 3119.0, 3320.0], "intensity": [5.29, 10.8, 19.6, 1.91, 3.68, 1.19, 0.147, 102.0, 0.031, 0.025, 0.0012, 0.00012, 0.0064, 0.49, 0.0071, 0.0127, 0.00023, 0.0002, 0.00083, 5e-05], "halfLife": ["3.39 m"]}