{"keV": [9.44, 65.122, 66.831, 71.4, 75.368, 75.749, 77.831, 87.4, 153.8], "intensity": [0.229, 0.0152, 0.0259, 0.15, 0.00309, 0.00595, 0.00212, 0.049, 0.0119], "halfLife": ["9.4 s"]}