{"keV": [5.23, 36.847, 37.361, 42.166, 42.272, 43.335, 301.7, 476.78, 582.4, 618.01, 694.0, 696.49, 778.57, 814.14, 890.1, 1396.6, 1413.0, 1508.1, 1510.6], "intensity": [12.1, 22.2, 40.0, 3.94, 7.6, 2.53, 0.18, 43.8, 0.189, 98.0, 0.55, 99.49, 1.5, 0.547, 0.0388, 0.00049, 0.00428, 0.0002, 0.000129], "halfLife": ["363 d"]}