{"keV": [5.23, 36.847, 37.361, 42.166, 42.272, 43.335, 624.7, 674.95, 696.51, 814.1, 864.45, 1182.0, 1376.27, 1388.02, 1489.16, 1560.97, 1978.82, 2046.3, 2072.9, 2185.662, 2368.3, 2654.9], "intensity": [0.00081, 0.0015, 0.00271, 0.000267, 0.000515, 0.000172, 0.00113, 0.003, 1.342, 0.0032, 0.0024, 5.37e-05, 0.00039, 0.00672, 0.278, 0.0002, 0.00087, 0.00027, 0.00023, 0.694, 5.4e-05, 0.00015], "halfLife": ["17.28 m"]}