{"keV": [8.4, 31.7377, 42.7148, 44.66, 57.981, 59.318, 65.72215, 66.95, 67.244, 67.7497, 69.067, 84.68024, 100.10595, 110.393, 113.6717, 116.4179, 121.5, 152.42991, 156.3864, 179.39381, 198.35187, 222.1085, 229.3207, 264.074, 351.02, 829.9, 891.7, 928.0, 959.73, 1001.7, 1035.7, 1044.42, 1113.41, 1121.29, 1157.302, 1158.1, 1180.85, 1189.04, 1221.395, 1223.6, 1231.004, 1257.407, 1273.719, 1289.145, 1342.73, 1373.824, 1387.39, 1410.13, 1453.12], "intensity": [23.6, 0.874, 0.268, 0.03, 10.01, 17.2, 3.01, 1.96, 3.76, 42.9, 1.31, 2.654, 14.2, 0.107, 1.871, 0.444, 0.0024, 7.02, 2.671, 3.119, 1.465, 7.57, 3.644, 3.612, 0.0113, 0.014, 0.0574, 0.614, 0.35, 2.086, 0.0067, 0.239, 0.445, 35.24, 0.73, 0.29, 0.087, 16.49, 27.23, 0.24, 11.62, 1.509, 0.66, 1.372, 0.2565, 0.2224, 0.0729, 0.0396, 0.0307], "halfLife": ["114.74 d"]}