{"keV": [0.4, 4.086, 4.091, 4.461, 4.461, 151.9, 472.7, 511.0, 562.9, 845.2, 880.7, 936.0, 1408.0, 1443.5, 1490.2, 1815.4, 1882.5, 2137.1, 2288.3, 2335.4, 2458.6, 2760.0, 3259.6, 3631.5], "intensity": [0.00035, 0.0058, 0.0116, 0.00125, 0.00064, 0.13, 0.21, 200.0, 0.12, 2.8, 0.048, 0.044, 0.55, 0.057, 0.022, 0.04, 0.26, 0.092, 4.4, 0.38, 0.91, 0.2, 0.0106, 0.016], "halfLife": ["509 ms"]}