{"keV": [3.77, 27.202, 27.472, 30.944, 30.995, 31.704, 511.0, 666.331, 695.0, 753.819, 1206.8, 1378.76, 1420.19, 2045.09, 4.11, 29.461, 29.782, 33.562, 33.624, 34.419, 388.633, 491.243, 879.876], "intensity": [4.01, 11.1, 20.4, 1.88, 3.63, 1.05, 2.02, 32.9, 0.00023, 4.15, 0.00046, 0.00237, 0.304, 0.0046, 0.059, 0.146, 0.269, 0.0252, 0.0487, 0.0147, 35.6, 2.88, 0.743], "halfLife": ["12.93 d", "12.93 d"]}