{"keV": [6.27, 43.744, 44.482, 50.228, 50.384, 51.698, 56.29, 62.91, 71.57, 77.393, 79.41, 85.79, 97.04, 97.04, 102.315, 105.64, 121.7, 133.68, 165.213, 168.47, 181.232, 191.38, 258.62, 270.87, 283.55, 314.92, 338.07, 360.94, 394.34, 417.0, 423.86, 452.2, 480.12, 529.5, 772.18, 818.9, 835.0, 835.0, 835.0, 857.93, 924.55, 937.53, 947.75, 951.1, 955.35, 972.3, 1015.1, 1026.25, 1034.72, 1048.75, 1053.7, 1063.4, 1066.22, 1071.5, 1093.52, 1105.84, 1112.2, 1120.92, 1135.2, 1143.15, 1145.5, 1149.94, 1153.43, 1175.82, 1192.42, 1209.72, 1224.93, 1228.72, 1252.42, 1261.11, 1271.8, 1286.4, 1297.9, 1308.27, 1341.1, 1344.2, 1349.6, 1364.19, 1373.2, 1376.7, 1400.13, 1421.37, 1424.3, 1430.7, 1439.5, 1459.5, 1477.55, 1477.55, 1480.9, 1489.42, 1495.82, 1495.82, 1501.8, 1533.87, 1538.7, 1544.8, 1547.5, 1558.33, 1567.0, 1622.95, 1622.95, 1677.3, 1691.7, 1768.6], "intensity": [11.9, 17.0, 30.0, 3.1, 6.0, 2.0, 3.77, 0.059, 0.059, 1.06, 0.059, 0.15, 0.124, 0.124, 13.9, 0.73, 0.01, 0.159, 2.58, 0.081, 0.74, 0.63, 0.98, 0.87, 5.95, 22.7, 1.68, 60.1, 0.218, 0.31, 0.18, 0.059, 2.68, 1.26, 0.0036, 0.00069, 0.00089, 0.00089, 0.00089, 0.00208, 0.00188, 0.0091, 0.00053, 0.00055, 0.0078, 0.00024, 0.00119, 0.00277, 0.0272, 0.00188, 0.00045, 0.00072, 0.00144, 0.00035, 0.0063, 0.00132, 0.0018, 0.0042, 0.00038, 0.00198, 0.00089, 0.0119, 0.00154, 0.00198, 0.00102, 0.00185, 0.00055, 0.00108, 0.00179, 0.00193, 0.00019, 0.00039, 0.00072, 0.00293, 0.00165, 0.00033, 0.0051, 0.00118, 0.00027, 0.00041, 0.00173, 0.00088, 0.00065, 0.00012, 0.00035, 0.00027, 0.00135, 0.00135, 0.0004, 0.00139, 0.00081, 0.00081, 0.00057, 0.00137, 0.00024, 0.00115, 0.00024, 0.00098, 0.00012, 0.0021, 0.0021, 0.00028, 0.00029, 0.00022], "halfLife": ["3.66 m"]}