{"keV": [6.5, 18.15, 25.655, 28.68, 43.8, 45.208, 45.988, 48.86, 51.947, 52.113, 53.476, 56.64, 57.2, 59.23, 69.29, 74.577, 77.42, 81.23, 83.83, 87.93, 98.02, 100.39, 100.64, 103.05, 106.23, 107.74, 109.83, 112.52, 119.61, 131.8, 138.39, 140.4, 157.26, 175.42, 183.0, 187.3, 212.8, 217.6, 238.4, 319.6, 577.9, 658.95, 669.0, 672.5, 687.5, 716.09, 746.98, 764.96, 772.1, 790.68], "intensity": [29.0, 0.14, 27.0, 0.012, 0.39, 25.0, 43.0, 0.12, 4.5, 8.8, 2.9, 0.011, 0.055, 0.6, 0.0048, 0.117, 1.9, 0.055, 0.0019, 0.012, 0.15, 0.03, 0.03, 3.9, 0.0042, 0.0002, 0.0025, 0.0035, 0.001, 0.0006, 0.018, 0.0012, 0.49, 0.43, 0.0082, 0.0017, 0.0009, 6e-05, 0.0007, 0.0007, 0.00051, 0.0024, 0.00012, 0.00018, 0.0049, 0.0037, 0.0048, 0.017, 0.0007, 0.0141], "halfLife": ["2.48 h"]}