{"keV": [6.5, 18.15, 25.65135, 28.701, 43.81, 45.208, 45.988, 48.91533, 51.947, 52.113, 53.476, 57.1917, 59.243, 74.56669, 77.422, 81.27, 84.73, 87.941, 100.5, 103.065, 106.113, 112.6, 131.8, 138.3, 212.8, 238.57, 286.481, 292.401, 315.1, 319.66, 341.4, 343.63, 348.2, 376.81, 392.57, 418.47, 425.8, 475.658, 506.68, 550.249], "intensity": [21.4, 0.021, 23.2, 0.037, 0.06, 6.3, 11.2, 17.0, 1.17, 2.26, 0.75, 1.79, 0.0222, 10.2, 0.06, 0.0022, 0.00042, 0.183, 0.0001, 0.101, 0.078, 0.00011, 0.000102, 0.0008, 3.9e-05, 0.00226, 0.0143, 0.058, 0.00055, 0.0033, 0.0035, 0.0133, 0.00057, 0.00061, 0.0021, 0.0081, 0.0003, 0.0182, 0.00085, 0.036], "halfLife": ["6.89 d"]}