{"keV": [2.621, 2.622, 2.816, 2.816, 511.0, 544.0, 930.7, 965.0, 1219.3, 1239.0, 1274.0, 1474.8, 1763.0, 1783.0, 1931.0, 2155.1, 2204.0, 2645.0, 2693.7, 2699.0, 2748.5, 2861.0, 3002.1, 3918.0, 3968.0, 4624.0], "intensity": [0.0021, 0.0043, 0.00027, 0.000134, 199.84, 0.001, 0.021, 0.006, 1.35, 0.0004, 0.003, 0.0138, 0.305, 0.0003, 0.0014, 0.002, 0.0018, 0.0008, 0.148, 0.0022, 0.0064, 0.0007, 0.098, 0.007, 0.0014, 0.00024], "halfLife": ["1.7756 s"]}