{"keV": [2.955, 2.957, 3.19, 3.19, 511.0, 886.8, 1044.4, 1184.0, 1426.8, 1507.4, 1750.5, 1798.9, 2589.8, 2638.0, 2934.5, 2982.68, 3542.0, 3821.7, 4387.2, 4527.9, 4724.5, 4785.4, 5572.3], "intensity": [0.00116, 0.0024, 0.000188, 9.7e-05, 200.0, 0.45, 0.65, 7.2, 1.5, 0.95, 14.0, 1.8, 26.0, 2.8, 1.8, 50.0, 1.5, 1.8, 1.8, 1.3, 0.6, 1.0, 3.1], "halfLife": ["178 ms"]}