{"keV": [10.6, 72.805, 74.969, 84.45, 84.938, 87.3, 328.2, 569.65, 897.8, 1063.656], "intensity": [0.0078, 0.00554, 0.0092, 0.00112, 0.00214, 0.00078, 0.0032, 0.535, 0.551, 0.00072], "halfLife": ["0.516 s"]}