{"keV": [11.7, 81.069, 83.787, 94.247, 94.868, 97.53, 120.0, 665.0], "intensity": [0.00269, 0.00152, 0.00251, 0.000303, 0.000577, 0.000217, 0.00121, 0.0005487], "halfLife": ["13 s"]}