{"keV": [1.81, 14.098, 14.165, 15.825, 15.836, 16.085, 338.95, 416.2, 439.2, 484.53, 891.3, 898.03, 1027.3, 1217.97, 1366.26, 1382.45, 1627.0, 1679.6, 1687.3, 1779.87, 1798.35, 1836.0, 2111.5, 2118.867, 2388.0, 2577.791, 2677.892, 2734.086, 3009.52, 3017.19, 3218.48, 3486.47, 3524.0, 4035.5, 4742.42, 4852.882], "intensity": [0.000239, 0.00153, 0.00295, 0.00022, 0.000425, 7.6e-05, 0.06, 0.0039, 0.015, 0.03, 0.022, 14.4, 0.011, 0.052, 0.113, 0.784, 0.0093, 0.05, 0.011, 0.238, 0.053, 22.81, 0.122, 0.469, 0.03, 0.197, 2.13, 0.093, 0.27, 0.005, 0.237, 0.14, 0.0053, 0.0137, 0.178, 0.0116], "halfLife": ["17.773 m"]}