{"keV": [0.93, 8.028, 8.048, 8.905, 8.905, 104.1, 154.1, 205.1, 249.1, 262.8, 470.7, 574.9, 680.5, 1089.3, 1213.5, 1336.0, 1389.5, 1483.6, 1711.9, 1872.3, 2550.0, 2695.0], "intensity": [0.00035, 0.0033, 0.0064, 0.00077, 0.00039, 1.01, 1.9, 26.0, 4.0, 0.0, 11.8, 11.4, 40.0, 0.8, 42.0, 0.46, 1.4, 33.0, 14.2, 40.0, 2.4, 1.6], "halfLife": ["11.4 s"]}