{"keV": [0.677, 0.677, 109.894, 197.142, 511.0, 1356.843, 1444.085, 1553.97], "intensity": [0.0008, 0.0004, 0.012, 0.00206, 199.804, 0.00206, 0.000108, 5.7e-05], "halfLife": ["17.22 s"]}