{"keV": [109.894, 197.142, 1149.0, 1236.0, 1356.843, 1444.085, 1553.97, 2353.98, 2582.517, 3710.64, 3797.87, 3907.74, 4180.063], "intensity": [2.54, 95.9, 0.0005, 0.017, 50.4, 2.64, 1.39, 0.00181, 0.0189, 0.0011, 0.00133, 0.00384, 0.0792], "halfLife": ["26.88 s"]}