{"keV": [0.7, 6.391, 6.404, 7.058, 7.058, 511.0, 1153.0], "intensity": [0.00089, 0.0097, 0.0192, 0.00228, 0.00117, 199.795, 0.0045], "halfLife": ["193.28 ms"]}