{"keV": [0.78, 6.915, 6.93, 7.649, 7.649, 511.0, 936.7, 2424.6, 3376.1, 3889.6, 4293.4, 4323.0, 4543.8, 4822.8, 5202.4], "intensity": [0.00118, 0.012, 0.0237, 0.00284, 0.00146, 201.0, 19.7, 0.16, 0.37, 0.21, 0.12, 0.15, 0.118, 0.045, 0.0244], "halfLife": ["114.2 ms"]}