{"keV": [1.486, 1.487, 1.554, 1.554, 30.6383, 400.6, 648.1, 941.7, 972.24, 1342.2, 1372.8, 1589.4, 1620.0], "intensity": [0.069, 0.139, 0.00083, 0.00042, 89.0, 35.9, 0.085, 36.3, 0.1, 54.0, 4.7, 4.7, 0.3], "halfLife": ["20.915 h"]}