{"keV": [1.739, 1.74, 1.836, 1.836, 511.0, 611.24, 911.53, 1352.15, 1516.5, 1522.78, 1657.1, 1658.81, 1778.969, 2063.04, 2098.34, 2261.07, 2269.92, 2312.3, 2400.37, 2734.19, 2838.29, 2953.35, 3039.16, 3104.4, 3181.3, 3200.7, 3252.6, 3278.8, 3286.99, 3315.6, 3641.0, 3779.8, 3970.9, 4390.86, 4496.92, 4498.33, 4860.67, 5098.77, 5107.63, 5600.37, 5635.66, 6019.47, 6154.2, 6479.1, 6808.9, 6876.99, 7378.52, 7415.6, 7535.7, 7601.3, 7697.81, 7932.1, 8015.5, 8257.8, 8428.4, 8887.3, 9380.4, 9477.4, 9791.0], "intensity": [0.000205, 0.00041, 7e-06, 3.5e-06, 200.0, 0.0002, 0.004, 0.14, 0.204, 0.86, 0.4, 0.8, 97.5, 0.0003, 0.0004, 0.00015, 0.00025, 0.196, 5e-05, 0.003, 2.35, 0.081, 2.7, 0.024, 0.032, 0.186, 0.032, 0.098, 0.006, 0.101, 0.002, 0.02, 0.116, 0.015, 11.0, 0.003, 0.004, 0.0025, 0.021, 0.014, 0.01, 1.75, 0.112, 0.385, 3.33, 0.005, 0.008, 0.21, 8.5, 0.55, 0.002, 2.15, 0.04, 0.052, 0.029, 0.086, 0.0202, 0.055, 0.013], "halfLife": ["270.3 ms"]}