{"keV": [1.254, 1.254, 389.71, 511.0, 585.028, 974.742, 1611.708], "intensity": [0.00153, 0.00076, 0.022, 199.72, 0.022, 0.025, 0.788], "halfLife": ["7.183 s"]}