{"keV": [6.72, 46.7, 47.547, 53.695, 53.877, 55.293, 1578.2], "intensity": [0.00563, 0.00753, 0.0133, 0.0014, 0.00271, 0.000907, 20.0], "halfLife": ["39 s"]}