{"keV": [7.18, 8.41017, 49.773, 50.742, 57.3, 57.505, 59.028, 109.77924, 118.1894], "intensity": [0.00062, 0.17, 0.00072, 0.0013, 0.00014, 0.00026, 8.8e-05, 0.0013, 0.00014], "halfLife": ["9.392 d"]}