{"keV": [7.18, 8.41017, 20.752, 42.76, 45.94, 49.773, 50.61, 50.742, 50.86, 51.51, 57.3, 57.505, 59.028, 63.01, 63.12044, 65.86, 72.028, 85.09, 93.61447, 95.7, 95.85, 98.01, 101.405, 105.19, 109.77924, 113.62, 113.98, 117.376, 118.1894, 129.94, 130.52293, 156.724, 173.88, 177.21307, 193.15, 197.95675, 199.77, 205.99, 213.935, 226.3, 228.71, 240.331, 261.07712, 291.188, 294.54, 301.73, 306.83, 307.52, 307.73586, 333.963, 336.618, 356.74, 370.854, 379.284, 386.671, 452.62, 464.7, 465.65, 466.7, 474.97, 494.357, 500.35, 507.8, 515.101, 528.569, 546.16, 562.41, 570.89, 579.851, 600.603, 624.881, 633.32, 642.873, 663.599, 693.46, 710.354, 739.42, 760.24, 773.386, 781.64], "intensity": [47.5, 0.359, 0.198, 0.13, 0.005, 52.5, 0.3, 91.6, 0.3, 0.009, 9.87, 19.0, 6.41, 1.1, 43.62, 0.005, 0.0018, 0.0014, 2.58, 0.0011, 0.0011, 0.0009, 0.004, 0.0026, 17.39, 0.005, 0.004, 0.04, 1.874, 0.3, 11.38, 0.0099, 0.0014, 22.28, 0.0075, 35.93, 0.016, 0.0034, 0.00291, 0.00025, 0.0002, 0.114, 1.679, 0.00431, 0.001, 0.0023, 0.09, 0.3, 10.05, 0.00174, 0.0094, 0.000141, 0.00088, 0.00041, 0.000335, 1.8e-05, 3.6e-06, 0.0001904, 1.94e-05, 0.000194, 0.00147, 8.8e-06, 1.5e-06, 0.00417, 0.00012, 1.5e-06, 0.000119, 0.000111, 0.00193, 0.001139, 0.00492, 6.9e-06, 7.65e-05, 0.000193, 8.7e-06, 3.4e-05, 1.83e-06, 8.3e-07, 0.000209, 3e-06], "halfLife": ["32.018 d"]}