{"keV": [0.51, 4.945, 4.952, 5.427, 5.427, 511.0], "intensity": [0.0003, 0.0058, 0.0116, 0.00131, 0.00067, 200.0], "halfLife": ["0.26 s"]}