{"keV": [0.45, 4.505, 4.511, 4.932, 4.932, 511.0, 889.0, 1722.0, 4317.0], "intensity": [0.00031, 0.0057, 0.0113, 0.00126, 0.00064, 199.801, 0.0039, 0.0039, 0.0113], "halfLife": ["422.50 ms"]}