{"keV": [6.95, 48.221, 49.128, 55.48, 55.674, 57.142, 59.13, 73.784, 74.626, 75.466, 79.804, 98.982, 99.289, 122.821, 173.591, 184.295, 198.251, 221.8, 272.896, 284.655, 348.509, 422.305, 445.995, 447.515, 497.78, 511.0, 521.13, 535.642, 537.76, 546.81, 557.083, 559.5, 568.8, 582.57, 620.59, 631.705, 644.277, 645.775, 673.67, 719.55, 720.392, 730.66, 737.7, 741.355, 748.282, 812.287, 815.989, 821.162, 829.948, 832.36, 853.468, 862.6, 914.933, 928.916, 1012.26, 1014.226, 1025.4, 1137.36, 1146.998, 1167.357, 1196.51, 1229.08, 1276.27, 1277.451, 1279.1, 1310.0, 1323.909, 1331.39, 1351.2, 1351.54, 1358.904, 1392.209, 1413.35, 1431.7, 1461.75, 1489.66, 1493.7, 1541.56, 1553.5, 1569.5, 7.42, 51.354, 52.389, 59.159, 59.383, 60.962, 87.73], "intensity": [34.3, 29.1, 51.1, 5.45, 10.5, 3.53, 1.7e-05, 0.0104, 0.019, 0.00043, 10.95, 0.153, 4.234, 0.00013, 0.042, 18.15, 54.49, 0.0022, 0.093, 0.09, 0.354, 0.305, 0.076, 23.98, 0.037, 0.004, 0.032, 0.00026, 0.00032, 2.654, 0.223, 0.008, 0.006, 0.0016, 0.008, 9.26, 0.0125, 1.482, 0.163, 0.21, 12.2068, 5.275, 0.011, 12.81, 0.425, 0.009, 50.95, 11.99, 6.98, 0.0008, 0.0343, 0.0015, 3.117, 0.0638, 0.0114, 0.074, 3.3e-05, 0.00044, 0.0006, 0.0741, 0.004, 0.0008, 0.004, 1.684, 0.036, 7e-05, 0.0218, 0.00082, 0.012, 0.076, 0.0104, 1.1e-05, 0.00044, 0.00037, 0.247, 0.00213, 0.0002, 0.00229, 4.4e-05, 2.2e-05, 0.0016, 0.0006, 0.001, 0.00011, 0.00021, 7e-05, 0.0016], "halfLife": ["93.1 d", "93.1 d"]}