{"keV": [4.65, 10.61, 33.034, 33.442, 37.72, 37.801, 38.726, 148.83, 217.03, 433.22, 436.59, 447.15, 479.12, 482.47, 493.03, 511.0, 529.3, 631.38, 678.26, 698.72, 709.3, 724.4, 770.97, 781.57, 915.8, 926.35, 1160.85], "intensity": [19.1, 0.82, 21.7, 39.6, 3.81, 7.36, 2.38, 0.0008, 0.0037, 0.0489, 0.25, 1.68, 0.0113, 0.0432, 0.0099, 0.017, 0.00034, 0.0126, 0.0008, 0.0294, 0.00101, 0.0007, 0.0057, 0.0029, 0.0486, 0.0319, 0.00141], "halfLife": ["9.0 h"]}