{"keV": [4.29, 30.625, 30.973, 34.92, 34.987, 35.818, 298.0, 393.35, 455.49, 482.14, 594.7, 633.4, 683.2, 715.2, 750.65, 802.4, 848.95, 933.82, 982.25, 1066.6, 1067.4, 1102.42, 1108.63, 1114.32, 1119.33, 1184.7, 1195.75, 1219.0, 1232.1, 1236.2, 1250.6, 1273.23, 1280.05, 1327.98, 1461.16, 1518.8, 1564.0, 1569.77, 1574.83, 1576.75, 1594.0, 1612.52, 1644.0, 1651.14, 1665.3, 1720.9, 1726.3, 1761.3, 1783.43, 1867.96, 1907.7, 1916.31, 1933.3, 1947.0, 1974.9, 2000.3, 2003.4, 2068.0, 2084.47, 2096.4, 2099.42, 2188.44, 2212.1, 2216.8, 2255.3, 2287.1, 2304.5, 2311.1, 2367.65, 2393.53, 2463.3, 2489.6, 2528.6, 2581.71, 2638.9, 2735.2, 2849.8, 2921.9, 3037.4, 3159.4, 3377.4, 3451.8, 3583.7, 3694.0, 3736.9, 3907.1, 3940.7, 3955.5, 3976.4], "intensity": [0.0393, 0.0933, 0.171, 0.0162, 0.0312, 0.00966, 0.118, 0.14, 31.0, 0.015, 0.084, 0.0025, 0.02, 0.0065, 0.021, 0.004, 0.62, 0.084, 0.208, 0.054, 0.049, 0.0164, 0.051, 0.092, 0.106, 0.084, 0.048, 0.0028, 0.0016, 0.0034, 0.0065, 0.23, 0.0093, 0.029, 0.017, 0.0019, 0.0099, 0.085, 0.071, 0.102, 0.0031, 0.124, 0.0009, 0.0043, 0.053, 0.0011, 0.0024, 0.0059, 0.41, 0.0161, 0.0053, 0.096, 0.0013, 0.0026, 0.0012, 0.018, 0.0065, 0.0102, 0.0136, 0.0071, 0.0133, 0.0081, 0.004, 0.0024, 0.0025, 0.0014, 0.0006, 0.001, 0.0065, 0.081, 0.0007, 0.0027, 0.0015, 0.023, 0.0009, 0.0014, 0.183, 0.0177, 0.0043, 0.0118, 0.002, 0.00047, 0.002, 0.0062, 0.00031, 0.0013, 0.00025, 0.00034, 0.00031], "halfLife": ["3.818 m"]}