{"keV": [1.28, 10.508, 10.544, 11.72, 11.726, 11.864, 66.0, 136.0, 198.6, 204.26, 264.6, 270.2, 279.7, 338.0, 353.0, 419.1, 468.8, 617.7], "intensity": [0.00261, 0.0211, 0.0411, 0.00275, 0.0053, 0.00024, 0.114, 0.0004, 1.19, 0.0006, 11.4, 0.0034, 0.0057, 0.0046, 0.021, 0.185, 0.223, 0.114], "halfLife": ["82.78 m"]}