{"keV": [1.28, 10.508, 10.544, 11.72, 11.726, 11.864, 14.89, 24.38, 66.0518, 81.15, 96.734, 121.1155, 136.0001, 198.606, 249.4, 264.6576, 279.5422, 303.9236, 373.86, 400.6572, 419.08, 468.6, 542.4, 557.8, 572.4, 617.67, 821.6], "intensity": [2.05, 16.4, 32.0, 2.14, 4.15, 0.19, 0.0006, 0.0253, 1.111, 0.0085, 3.449, 17.2, 58.5, 1.496, 8.8e-06, 58.9, 25.02, 1.315, 0.00253, 11.41, 0.01237, 0.00037, 1.3e-05, 9e-07, 0.0362, 0.00451, 0.000137], "halfLife": ["119.78 d"]}