{"keV": [1.69, 13.336, 13.395, 14.952, 14.961, 15.185, 129.81, 151.18, 362.81, 513.997], "intensity": [8e-05, 0.000537, 0.00104, 7.6e-05, 0.000147, 2.32e-05, 2.2e-07, 2.2e-06, 2.2e-06, 0.434], "halfLife": ["10.739 y"]}