{"keV": [1.69, 13.336, 13.395, 14.952, 14.961, 15.185, 129.8, 151.18, 233.0, 354.06, 362.82, 514.0048, 716.87, 868.06, 951.0], "intensity": [2.59, 17.3, 33.4, 2.44, 4.7, 0.75, 0.00024, 0.0012, 1.9e-05, 0.00048, 0.00137, 96.0, 0.00031, 0.012, 1.4e-05], "halfLife": ["64.849 d"]}