{"keV": [10.6, 72.805, 74.969, 84.45, 84.938, 87.3, 363.3, 803.06], "intensity": [0.035, 0.0259, 0.0432, 0.00522, 0.01001, 0.00366, 0.00013, 0.005], "halfLife": ["4.202 m"]}