{"keV": [6.95, 48.221, 49.128, 55.48, 55.674, 57.142, 80.576, 184.4, 520.8, 674.188, 705.334, 785.89, 1263.01, 1379.437, 1447.52, 1528.23, 1581.834, 1662.439, 1749.836, 1830.419], "intensity": [7.5, 2.96, 5.21, 0.555, 1.07, 0.36, 6.56, 0.0016, 0.00034, 0.0191, 0.0137, 0.0119, 0.00153, 0.922, 0.00105, 8.9e-05, 0.182, 0.1191, 0.0262, 0.00803], "halfLife": ["26.824 h"]}