{"keV": [1.38, 11.182, 11.222, 12.49, 12.496, 12.652, 511.0, 613.68, 694.8, 884.7, 1144.6, 1228.7, 1308.4, 1338.9, 1381.8, 1713.8, 1720.7, 1923.3, 1996.3, 2284.4, 2391.9, 2476.5, 2537.3, 2641.3, 2769.8, 2899.5, 3005.9, 454.0], "intensity": [0.153, 1.17, 2.27, 0.155, 0.302, 0.0215, 185.0, 13.6, 0.058, 0.068, 0.0177, 0.0136, 0.0435, 0.0117, 0.0027, 0.0016, 0.046, 0.049, 0.005, 0.0049, 0.0035, 0.0177, 0.00178, 0.0027, 0.00061, 0.00034, 0.00045, 0.007], "halfLife": ["6.45 m", "6.46 m"]}