{"keV": [1.19, 9.855, 9.886, 10.975, 10.982, 11.101, 345.76, 458.0, 532.7, 567.06, 619.4, 674.86, 862.8, 891.3, 927.2, 950.77, 962.5, 1021.2, 1025.11, 1061.9, 1186.42, 1212.41, 1223.36, 1251.96, 1308.4, 1382.6, 1475.5, 1479.13, 1519.32, 1564.2, 1573.4, 1604.38, 1670.67, 1745.4, 1819.59, 1819.59, 1934.1, 2043.1, 2046.32, 2237.9, 2241.0, 2333.3, 2501.4, 2501.4, 2706.2, 2771.2, 3083.0, 3092.8, 3464.3, 3508.4, 4458.5], "intensity": [0.00227, 0.0191, 0.0371, 0.00243, 0.0047, 0.000115, 5.2, 5.9, 0.24, 18.2, 77.0, 6.3, 0.8, 0.34, 1.0, 7.5, 0.8, 1.2, 12.4, 0.68, 20.1, 2.0, 4.6, 1.85, 0.35, 0.7, 1.4, 8.2, 1.6, 1.2, 1.04, 1.6, 1.62, 0.72, 2.8, 0.8, 9.3, 1.31, 5.5, 1.2, 0.85, 1.8, 2.5, 0.6, 3.4, 1.3, 0.39, 1.8, 4.4, 0.09, 1.31], "halfLife": ["5.09 s"]}