{"keV": [2.621, 2.622, 2.816, 2.816, 460.8, 511.0, 665.8, 2579.4, 3129.0], "intensity": [0.00238, 0.0048, 0.0003, 0.000152, 0.91, 199.8, 2.49, 0.86, 1.3], "halfLife": ["843.8 ms"]}