{"keV": [2.307, 2.308, 2.464, 2.464, 511.0], "intensity": [0.00178, 0.0036, 0.000164, 8.3e-05, 199.8416], "halfLife": ["1.5266 s"]}