{"keV": [350.725, 1395.131, 1745.8, 1890.4, 1989.0, 2779.4, 2793.94, 3384.6, 3533.2, 3735.2, 3883.9, 4174.1, 4333.52, 4525.84, 4684.27], "intensity": [0.896, 15.3, 0.774, 0.0018, 0.0002, 0.00159, 0.0018, 0.00035, 0.00292, 0.00249, 0.00096, 0.032, 0.0476, 0.0095, 0.028], "halfLife": ["4.158 s"]}