{"keV": [11.1, 76.863, 79.29, 89.256, 89.807, 92.317, 147.66, 292.8, 402.8, 440.45, 574.9, 600.9, 604.94, 659.75, 710.81, 807.36, 826.52, 867.98, 886.66, 1003.55, 1045.7, 1100.13, 1119.29, 1328.2, 10.3, 70.832, 72.873, 82.115, 82.574, 84.865, 323.7], "intensity": [1.54, 1.08, 1.79, 0.217, 0.416, 0.154, 0.015, 0.429, 0.0001, 25.94, 0.0025, 0.0042, 0.0023, 0.0361, 0.0111, 0.292, 0.0071, 0.0111, 0.00102, 0.053, 0.018, 0.259, 0.052, 0.0004, 0.0086, 0.006, 0.0101, 0.00122, 0.0023, 0.00085, 0.167], "halfLife": ["45.59 m", "45.61 m"]}