{"keV": [3.311, 3.314, 3.59, 3.59, 360.0, 1660.0, 1742.0, 2020.0, 3357.0, 3402.0, 3718.0, 3822.0], "intensity": [0.0031, 0.0061, 0.00056, 0.00029, 70.0, 37.0, 29.0, 4.9, 0.7, 2.8, 9.8, 4.2], "halfLife": ["1.23 s"]}