{"keV": [0.34, 3.688, 3.692, 4.013, 4.013, 564.79, 586.01, 2013.45, 2511.1, 2578.26, 2599.4], "intensity": [4e-05, 0.00064, 0.00127, 0.000132, 6.7e-05, 13.27, 79.7, 93.35, 1.21, 5.6, 1.05], "halfLife": ["17.50 s"]}