{"keV": [1.59, 12.598, 12.651, 14.104, 14.111, 14.311, 1077.0], "intensity": [0.000124, 0.00086, 0.00166, 0.000119, 0.00023, 3e-05, 8.64], "halfLife": ["18.642 d", "18.642 d"]}