{"keV": [4.67, 7.66, 9.594, 52.965, 54.07, 61.05, 61.29, 62.929, 77.92, 117.18, 117.18, 123.675, 134.965, 139.635, 162.01, 171.604, 229.61, 239.82, 288.79, 296.974, 306.568, 311.239, 356.998, 377.71, 423.06, 426.94, 428.42, 429.71, 444.82, 451.3, 458.23, 511.0, 540.238, 546.895, 549.832, 556.489, 568.487, 578.081, 593.2, 596.0, 618.15, 625.917, 694.46, 694.46, 718.499, 734.71, 740.09, 760.881, 765.551, 781.95, 807.17, 811.61, 821.2, 834.1, 834.1, 853.463, 866.35, 875.054, 879.724, 889.52, 899.123, 899.123, 929.36, 933.94, 969.05, 977.05, 983.21, 1001.31, 1005.98, 1034.087, 1038.757, 1064.32, 1070.74, 1095.95, 1118.17, 1145.43, 1205.7, 1210.37, 1230.92, 1235.59, 1280.4, 1316.0, 1450.0], "intensity": [2.65e-05, 28.8, 0.026, 31.0, 53.6, 5.91, 11.5, 3.88, 0.053, 0.062, 0.002, 83.0, 4.74, 12.7, 6.5, 0.169, 0.0025, 0.006, 0.0279, 33.9, 6.4, 10.7, 0.47, 0.00083, 0.063, 0.0099, 0.0121, 0.0089, 0.0043, 0.0089, 0.0033, 0.024, 0.369, 0.0304, 0.437, 0.0123, 0.0083, 0.0235, 0.0066, 0.0008, 0.0241, 0.03, 0.006, 0.006, 0.293, 0.0051, 0.023, 0.067, 0.015, 0.0042, 0.0012, 0.0165, 0.0039, 0.003, 0.003, 0.321, 0.0008, 0.227, 0.385, 0.0036, 0.99, 0.011, 0.0051, 0.0012, 0.0055, 0.0097, 0.004, 0.0114, 0.0206, 0.421, 0.323, 0.0051, 0.079, 0.0012, 0.025, 0.00017, 0.298, 0.089, 0.00074, 0.00017, 0.00017, 0.00058, 0.00042], "halfLife": ["23.6 h"]}