{"keV": [6.27, 43.744, 44.482, 50.228, 50.384, 51.698, 58.0, 79.4, 137.5, 210.8, 226.0, 290.2, 305.5, 348.1, 363.5], "intensity": [19.2, 26.7, 47.6, 4.89, 9.5, 3.15, 2.27, 0.00046, 0.00011, 4e-05, 3.6e-06, 0.00014, 1.08e-06, 0.00095, 5.5e-05], "halfLife": ["144.4 d"]}