{"keV": [6.27, 43.744, 44.482, 50.228, 50.384, 51.698, 58.0, 79.5132, 137.515, 210.783, 226.0406, 237.341, 273.62, 274.163, 290.2865, 305.5492, 348.2807, 363.543, 536.78, 559.623, 580.808, 616.233, 617.615, 674.26, 753.74, 854.947], "intensity": [4.2, 5.92, 10.5, 1.08, 2.09, 0.7, 2.49, 0.0468, 0.00647, 0.02, 0.217, 0.00769, 0.0007, 0.0057, 0.0323, 0.062, 0.239, 11.78, 0.0016, 0.0221, 0.0683, 0.00188, 0.0159, 0.000316, 0.00018, 0.00246], "halfLife": ["18.479 h"]}