{"keV": [2.42, 18.251, 18.367, 20.599, 20.619, 21.005, 40.58323, 158.782, 162.37, 181.068, 242.29, 249.03, 366.421, 380.13, 391.7, 410.27, 411.491, 457.6, 469.63, 528.788, 537.79, 580.51, 620.03, 621.771, 689.6, 739.5, 761.77, 777.921, 822.972, 861.2, 960.754, 986.44, 1001.343, 1017.0, 1056.2], "intensity": [0.197, 0.95, 1.8, 0.146, 0.282, 0.064, 1.04, 0.0176, 0.012, 6.05, 0.0026, 0.0039, 1.2, 0.0105, 0.0032, 0.002, 0.015, 0.0082, 0.0027, 0.0532, 0.0033, 0.0032, 0.0279, 0.018, 0.00043, 12.2, 0.0004, 4.31, 0.134, 0.0007, 0.095, 0.0015, 0.0055, 0.00061, 0.00109], "halfLife": ["65.924 h"]}