{"keV": [2.56, 19.15, 19.279, 21.634, 21.657, 22.074, 89.5], "intensity": [4.24e-05, 0.000177, 0.000336, 2.75e-05, 5.33e-05, 1.25e-05, 0.00065], "halfLife": ["2.111\u00d710+5 y"]}