{"keV": [5.85, 21.517, 40.902, 41.542, 46.905, 47.038, 48.249, 63.92, 64.2, 93.21, 106.57, 109.74, 110.33, 110.76, 153.6, 157.08, 174.7, 195.18, 196.2, 196.49, 221.8, 238.97, 243.29, 260.46, 284.72, 286.09, 307.5, 328.31, 332.11, 349.85, 353.66, 394.26, 415.84], "intensity": [26.0, 2.85, 23.6, 42.0, 4.2, 8.2, 2.71, 0.00087, 0.0009, 0.0019, 0.087, 0.0029, 0.005, 0.0068, 6.2, 0.0007, 2.96, 0.0009, 0.014, 0.0285, 0.0023, 0.087, 5.6, 0.043, 0.0022, 0.089, 1.04, 0.082, 0.0087, 0.0033, 0.128, 0.0006, 0.00043], "halfLife": ["123.9 d", "124 d"]}