{"keV": [0.85, 7.461, 7.478, 8.265, 8.265, 1128.9, 1172.9, 1886.3, 1985.1, 2083.0, 2097.0, 2301.9, 2345.8, 3158.0, 3271.1, 3370.0, 3519.0, 4063.0], "intensity": [0.000187, 0.00182, 0.00359, 0.000431, 0.000221, 10.6, 83.2, 0.42, 1.7, 0.33, 0.92, 14.7, 1.3, 0.83, 0.15, 0.37, 0.08, 0.33], "halfLife": ["1.54 m"]}