{"keV": [0.85, 7.461, 7.478, 8.265, 8.265, 479.6, 511.0, 856.2, 875.66, 968.9, 971.0, 1067.0, 1128.82, 1172.97, 1321.6, 1717.6, 1985.0, 2084.8, 2097.6, 2301.95, 3158.2, 3257.3, 3271.4, 3370.3, 3861.7], "intensity": [0.0242, 0.235, 0.462, 0.055, 0.0285, 0.00024, 195.66, 0.00014, 0.147, 0.00031, 0.0001, 0.0006, 0.0318, 0.342, 0.001, 0.0028, 0.001, 0.0048, 0.0029, 0.042, 0.00062, 0.00014, 0.00072, 0.0084, 0.00027], "halfLife": ["9.67 m"]}