{"keV": [5.85, 14.06383, 19.81296, 40.902, 41.542, 46.905, 47.038, 48.249, 69.673, 75.42213, 83.36717, 89.48595, 97.431, 103.18012, 172.85307], "intensity": [22.6, 0.018, 7e-05, 34.9, 62.4, 6.24, 12.1, 4.0, 2.42, 0.078, 0.196, 0.069, 29.0, 21.1, 0.036], "halfLife": ["240.4 d"]}