{"keV": [5.85, 19.81296, 40.902, 41.542, 46.905, 47.038, 48.249, 54.1934, 68.2557, 69.673, 75.42213, 83.36717, 89.48595, 96.8825, 97.431, 103.18012, 118.1117, 124.9, 151.6245, 166.5548, 172.3035, 172.85307, 412.05, 412.05, 424.4, 436.9, 443.2, 462.0, 463.6, 485.0, 487.75, 509.15, 521.3, 531.4, 533.2, 539.1, 542.7, 545.75, 554.94, 574.1, 578.75, 584.55, 587.6, 590.96, 596.7, 598.3, 598.3, 603.6, 603.6, 609.5, 609.5, 615.8, 615.8, 617.9, 630.5, 634.8, 636.5, 657.55, 657.55, 662.4, 677.0, 682.0, 694.1, 701.8, 706.8, 719.0, 760.5, 763.8], "intensity": [11.0, 8e-05, 17.2, 30.8, 3.08, 5.97, 1.98, 0.0013, 0.0013, 4.73, 0.19, 0.192, 0.158, 0.00731, 0.772, 29.25, 0.00018, 0.00907, 0.0106, 0.00061, 0.00041, 0.0737, 0.00192, 0.00192, 0.00189, 0.0017, 8.8e-05, 0.0016, 0.0136, 0.00038, 0.000363, 0.00199, 0.0069, 0.0547, 0.0299, 0.0211, 0.0032, 0.00076, 0.00474, 0.00016, 0.00328, 0.00106, 0.0005, 0.00118, 0.0109, 0.0018, 0.0018, 0.00448, 0.00448, 0.0128, 0.0128, 0.00056, 0.00056, 0.00073, 9.9e-05, 0.00052, 0.00193, 0.000395, 0.000395, 2e-05, 4.4e-05, 0.00015, 2e-05, 2.9e-05, 1.55e-05, 2.5e-05, 3.2e-05, 4.4e-05], "halfLife": ["46.50 h"]}