{"keV": [15.3, 34.4, 35.5, 42.6, 63.0, 69.7, 70.4, 80.8, 85.1, 107.185, 112.121, 125.418, 126.58, 130.152, 150.0, 233.0, 249.0, 304.0, 316.0], "intensity": [28.1, 30.0, 0.0054, 100.0, 2.0, 0.014, 2.5, 0.1, 0.14, 0.00094, 0.00146, 0.00019, 0.00035, 0.000138, 0.02, 0.008, 0.025, 0.07, 0.15], "halfLife": ["275.7 d"]}