{"keV": [7.9, 54.611, 55.79, 62.985, 63.243, 64.942, 122.79, 123.38, 214.33, 215.01, 279.2, 304.03, 337.67, 532.51, 655.85, 680.2, 735.78, 789.4, 830.37, 859.16, 870.14, 891.5, 953.9, 983.17, 999.1, 1003.32, 1045.63, 1073.5, 1076.9, 1105.92, 1120.8, 1168.4, 1199.5], "intensity": [0.35, 0.29, 0.5, 0.056, 0.108, 0.037, 0.15, 0.46, 12.0, 0.48, 0.002, 0.0064, 0.19, 0.0042, 0.028, 0.0006, 0.017, 0.00022, 0.0028, 0.1, 0.059, 0.0022, 0.0014, 0.009, 0.00028, 0.012, 0.0039, 0.00014, 0.008, 0.028, 0.0008, 0.0014, 0.005], "halfLife": ["4.59 h"]}