{"keV": [13.3, 17.185, 18.05, 25.64, 58.5, 63.86, 81.2, 84.2, 92.282, 95.863, 99.28, 102.2, 107.595, 108.422, 110.8, 111.486, 125.0, 135.66, 165.0, 185.0], "intensity": [0.00147, 0.001, 0.00026, 0.00037, 1.3e-05, 1.92e-07, 3.9e-05, 0.000179, 2.6e-06, 4.3e-06, 5.2e-06, 7.8e-06, 5.3e-07, 1e-06, 2.3e-06, 3.9e-07, 1.8e-06, 6.5e-07, 1.3e-06, 1e-06], "halfLife": ["396.2 d"]}