{"keV": [2.955, 2.957, 3.19, 3.19, 222.5, 239.0, 261.2, 303.0, 315.0, 361.3, 369.0, 381.0, 472.0, 479.9, 621.1, 621.1, 643.6, 660.1, 788.1, 881.3, 1042.3, 1051.1, 1063.1, 1087.6, 1092.9, 1156.2, 1186.7, 1317.2, 1333.4, 1353.7, 1394.7, 1432.1, 1460.73, 1558.7, 1579.9, 1589.0, 1746.5, 1776.9, 1797.8, 2050.5, 2063.0, 2220.0, 2457.7, 2524.1, 2621.7, 2840.1, 3101.7, 3193.7, 3208.2, 3356.6, 3511.0, 3704.6, 3759.9, 3784.9, 3918.6, 3941.7, 4082.1, 4147.7, 4178.7, 4324.2, 4357.6, 4480.7, 4580.1, 4737.5, 4768.7, 5165.5, 5309.6, 5400.1, 5629.0, 5879.6, 5950.0, 6053.1, 6133.0, 6208.0, 6338.2, 6475.5], "intensity": [0.000127, 0.00026, 2.04e-05, 1.06e-05, 0.16, 0.23, 0.81, 0.06, 0.024, 0.073, 0.016, 0.08, 0.24, 0.89, 0.12, 0.12, 6.7, 2.5, 0.81, 2.6, 0.49, 0.49, 2.3, 0.08, 0.27, 0.49, 0.73, 0.41, 0.32, 0.2, 1.22, 1.62, 81.0, 0.49, 0.32, 0.97, 2.7, 0.016, 2.2, 1.05, 0.41, 7.0, 4.7, 2.0, 14.7, 28.0, 11.3, 0.08, 0.49, 0.32, 0.16, 0.81, 0.081, 0.65, 3.9, 0.16, 0.24, 0.89, 0.24, 0.16, 0.41, 0.24, 0.08, 0.41, 0.49, 0.08, 0.16, 0.16, 0.08, 4.1, 0.041, 0.32, 0.041, 0.041, 0.26, 0.16], "halfLife": ["1.35 m"]}