{"keV": [0.34, 3.688, 3.692, 4.013, 4.013, 511.0, 755.6, 1126.0, 1877.8, 2045.8, 2844.0, 3167.9, 3735.6, 3920.0], "intensity": [0.00016, 0.00249, 0.0049, 0.00051, 0.000262, 199.0, 41.0, 11.9, 24.9, 25.4, 2.1, 11.9, 99.54, 12.9], "halfLife": ["182.3 ms"]}