{"keV": [10.3, 39.857, 70.832, 72.873, 82.115, 82.574, 84.865, 288.2, 328.03, 433.7, 452.98, 473.0, 493.3, 576.0, 620.0, 11.1, 76.863, 79.29, 89.256, 89.807, 92.317, 180.2, 727.33, 785.37, 893.408, 952.12, 1073.6, 1078.62, 1512.7, 1620.5, 1679.7, 1806.0], "intensity": [7.0, 1.06, 0.054, 0.0905, 0.0109, 0.0209, 0.00762, 0.337, 0.125, 0.017, 0.363, 0.05, 0.0018, 0.00018, 0.0005, 0.059, 0.0405, 0.0674, 0.00814, 0.0156, 0.00577, 0.0032, 6.67, 1.102, 0.378, 0.17, 0.016, 0.564, 0.29, 1.47, 0.058, 0.09], "halfLife": ["60.55 m", "60.55 m"]}