{"keV": [1.81, 14.098, 14.165, 15.825, 15.836, 16.085, 393.5, 569.8, 814.7, 963.5, 1778.3, 1.81, 14.098, 14.165, 15.825, 15.836, 16.085, 163.4, 205.2, 213.429, 219.16, 351.74, 404.99, 432.61, 473.8, 595.87, 602.6, 610.1, 661.64, 709.95, 721.99, 768.36, 776.4, 793.65, 822.41, 831.2, 859.05, 867.74, 901.08, 905.6, 910.91, 929.04, 934.7, 981.1, 986.05, 990.9, 1035.1, 1054.7, 1059.4, 1068.51, 1077.6, 1096.71, 1100.63, 1115.77, 1120.0, 1130.12, 1138.0, 1142.58, 1148.18, 1150.38, 1164.36, 1167.1, 1202.4, 1204.9, 1208.55, 1222.7, 1238.3, 1284.0, 1287.0, 1306.92, 1315.64, 1332.97, 1349.67, 1359.92, 1365.36, 1385.21, 1388.7, 1397.7, 1405.37, 1437.1, 1439.6, 1452.7, 1470.13, 1473.2, 1479.1, 1483.96, 1491.25, 1494.85, 1501.18, 1507.77, 1515.8, 1531.1, 1533.8, 1547.78, 1562.91, 1566.2, 1574.71, 1578.0, 1594.61, 1612.87, 1635.2, 1662.16, 1684.76, 1690.9, 1726.3, 1736.3, 1738.4, 1743.2, 1745.7, 1749.61, 1753.6, 1793.62, 1803.6, 1808.5, 1812.76, 1821.86, 1831.1, 1836.4, 1838.0, 1841.6, 1869.69, 1882.9, 1886.6, 1892.7, 1900.94, 1908.1, 1910.72, 1919.0, 1927.64, 1933.9, 1956.4, 1978.28, 1983.2, 1991.8, 1997.8, 2023.9, 2026.88, 2043.82, 2054.06, 2058.78, 2068.36, 2087.4, 2147.6, 2168.24, 2170.4, 2206.2, 2229.44, 2256.2, 2258.4, 2262.0, 2270.2, 2292.8, 2327.5, 2334.0, 2349.58, 2359.45, 2377.0, 2386.72, 2398.3, 2403.5, 2418.22, 2454.97, 2461.98, 2491.2, 2505.2, 2523.7, 2550.06, 2557.5, 2568.59, 2602.38, 2614.1, 2620.2, 2624.8, 2638.1, 2646.6, 2652.62, 2661.08, 2674.2, 2704.97, 2724.6, 2734.0, 2766.48, 2773.2, 2799.9, 2812.6, 2861.34, 2869.23, 2875.3, 2880.48, 2886.3, 2890.4, 2903.6, 2954.93, 2958.1, 3027.6, 3104.1, 3113.85, 3133.1, 3172.1, 3211.6, 3226.4, 3296.1, 3338.0, 3366.6, 3370.97, 3389.8, 3403.56, 3458.19, 3477.39, 3486.9, 3502.6, 3544.0, 3547.2, 3572.05, 3585.4, 3642.4, 3664.75, 3706.6, 3721.6, 3770.4, 3789.3, 3803.98, 3821.9, 3848.7, 3867.6, 3876.7, 3883.95, 3890.5, 3934.34, 3941.7, 3954.2, 4004.5, 4009.9, 4017.55, 4156.6, 4242.1, 4250.9, 4271.23, 4281.9, 4387.9, 4461.4, 4481.2, 4615.4, 4627.0, 4645.0, 4875.1, 4899.4, 4947.5, 4953.9, 5396.7], "intensity": [4.22e-05, 0.00027, 0.000519, 3.87e-05, 7.5e-05, 1.33e-05, 0.0194, 0.0429, 1.38, 0.0235, 0.0069, 0.0201, 0.127, 0.24, 0.0182, 0.035, 0.0062, 0.13, 0.12, 7.8, 3.19, 0.077, 0.063, 20.2, 0.032, 0.26, 0.2, 0.2, 0.32, 6.2, 0.059, 0.133, 0.061, 1.25, 0.2, 0.073, 0.097, 0.085, 0.127, 0.077, 0.166, 0.49, 0.37, 0.15, 7.9, 0.13, 0.077, 0.069, 0.075, 0.71, 0.053, 0.46, 0.21, 0.109, 0.085, 0.22, 0.23, 0.37, 1.78, 0.54, 0.105, 0.053, 0.055, 0.059, 0.18, 0.081, 1.72, 0.17, 0.13, 0.133, 0.44, 1.23, 0.164, 0.24, 0.38, 6.6, 0.26, 0.067, 0.115, 0.48, 0.11, 0.059, 0.22, 0.063, 0.071, 0.101, 0.141, 0.27, 0.4, 0.27, 0.109, 0.075, 0.16, 0.33, 1.17, 0.07, 0.143, 0.18, 0.67, 1.94, 0.43, 0.42, 0.64, 0.071, 0.091, 0.12, 0.12, 0.13, 0.14, 0.29, 0.109, 0.31, 0.28, 3.25, 0.29, 0.67, 0.24, 0.32, 0.55, 0.09, 2.2, 0.119, 0.17, 0.2, 0.54, 0.11, 1.31, 0.13, 0.87, 0.3, 0.2, 0.93, 0.08, 0.19, 0.069, 0.14, 0.27, 0.35, 1.56, 0.41, 0.166, 0.2, 0.34, 0.51, 0.06, 0.21, 1.09, 0.08, 0.3, 0.164, 0.63, 0.62, 0.133, 0.075, 0.71, 0.38, 0.16, 0.26, 0.141, 0.075, 0.39, 0.57, 0.56, 0.46, 0.95, 0.28, 0.31, 0.14, 0.44, 0.41, 0.149, 0.097, 0.107, 0.33, 0.2, 0.36, 0.36, 0.123, 1.19, 0.65, 0.07, 0.46, 0.14, 0.18, 0.13, 1.29, 0.51, 0.12, 0.44, 0.38, 0.47, 0.26, 0.53, 0.19, 0.057, 0.08, 0.49, 0.1, 0.22, 0.13, 0.35, 0.08, 0.16, 0.26, 1.31, 0.071, 0.53, 4.3, 0.31, 0.079, 0.63, 0.18, 0.16, 0.35, 0.123, 0.113, 0.64, 0.085, 0.18, 0.21, 0.176, 1.82, 0.113, 0.12, 2.99, 0.24, 0.52, 0.24, 1.13, 0.13, 0.044, 0.091, 0.061, 0.48, 0.111, 0.089, 0.057, 0.39, 0.196, 0.135, 0.089, 0.069, 0.05, 0.119, 0.05, 0.204, 0.057, 0.081, 0.042, 0.034], "halfLife": ["5.84 s", "5.84 s"]}