{"keV": [2.307, 2.308, 2.464, 2.464, 511.0, 846.0, 985.5, 1049.0, 1247.6, 2035.2, 2186.6, 2234.2, 2960.1, 2995.6, 3077.1, 3284.6, 3436.1, 3540.0, 4046.2, 4208.9, 4520.1, 4719.8, 4867.1, 5031.5, 5157.0, 5407.7, 5785.6, 6254.6, 6279.5, 6420.0, 7279.1, 7415.8, 7630.8, 7643.5], "intensity": [0.00034, 0.00069, 3.2e-05, 1.6e-05, 198.0, 1.05, 0.19, 1.3, 14.88, 4.46, 0.31, 62.0, 1.61, 1.18, 2.17, 1.05, 0.5, 1.8, 9.92, 2.6, 0.81, 0.56, 0.6, 1.49, 0.74, 0.006, 0.19, 0.43, 1.98, 0.09, 0.15, 0.09, 0.09, 0.06], "halfLife": ["190 ms"]}