{"keV": [4.47, 31.817, 32.194, 36.304, 36.378, 37.255, 107.32, 124.89, 220.94, 259.58, 267.17, 366.84, 374.46, 392.08, 394.04, 420.12, 480.51, 499.36, 511.0, 587.83, 634.05, 758.94, 787.9, 855.0, 874.51, 909.63, 979.98, 1008.4], "intensity": [9.6, 21.7, 39.6, 3.79, 7.31, 2.31, 0.00103, 0.00015, 0.054, 0.0044, 0.0003, 0.032, 0.018, 0.00018, 0.0043, 0.00026, 1.52, 0.00018, 0.014, 0.111, 0.021, 0.0007, 0.00011, 0.019, 0.16, 0.00023, 0.0052, 1.7e-05], "halfLife": ["19.5 h"]}