{"keV": [13.6, 28.559, 41.65, 94.654, 98.434, 110.421, 111.298, 114.445, 226.0, 228.56, 234.3, 247.6, 248.5, 256.0, 258.5, 271.48, 280.5, 299.1, 299.1, 312.1, 321.0, 340.7, 504.8, 506.5, 546.9, 557.1, 597.7], "intensity": [39.0, 0.0013, 0.00017, 21.0, 34.0, 4.3, 8.1, 3.1, 0.036, 0.048, 0.154, 0.04, 0.00073, 0.042, 0.098, 0.0059, 0.133, 0.44, 0.12, 0.7, 0.069, 0.055, 0.041, 0.15, 0.28, 0.028, 0.027], "halfLife": ["36.2 m"]}