{"keV": [6.68, 8.22, 13.3, 29.36, 57.11, 63.93, 70.49, 74.7, 86.48, 88.0, 94.68, 108.7, 115.4, 117.5, 131.1, 134.285, 143.2, 151.5, 153.6, 155.239, 162.504, 162.504, 169.162, 170.7, 179.0, 180.81, 186.8, 190.552, 194.9, 201.6, 210.6, 212.29, 216.6, 226.1, 237.86, 250.5, 252.9, 257.3, 285.5, 347.3, 359.74, 361.4, 368.0, 377.0, 398.8, 412.5, 430.9, 433.2, 440.94, 447.762, 459.222, 467.5, 490.8, 499.02, 526.5, 552.1, 562.8, 573.7, 595.2, 599.1, 610.0, 642.3, 663.3, 669.901, 669.901, 678.04, 708.0, 716.9, 725.0, 740.9, 757.8, 764.4, 782.7, 804.8, 806.4, 811.6, 815.9, 817.0, 849.3, 880.9, 890.1, 898.4, 948.0, 978.3, 985.0], "intensity": [0.016, 19.0, 7.8, 2.494, 0.0539, 0.0008, 0.0008, 0.0518, 2.76, 0.171, 0.788, 0.00063, 0.0026, 0.0015, 0.0664, 0.00221, 0.0136, 0.0103, 0.066, 0.00085, 0.147, 0.173, 0.341, 0.131, 0.0391, 0.000800712, 0.036, 0.13, 0.163, 0.031, 0.035, 0.00148, 0.015, 0.023, 0.00207, 0.00469, 0.0117, 0.068, 0.0208, 0.0115, 0.119, 0.038, 0.00469, 0.0376, 0.0138, 0.0128, 0.0227, 0.015, 0.227, 0.153, 1.378, 0.0178, 0.167, 0.209, 0.0063, 0.0243, 0.0696, 0.0419, 0.156, 0.0469, 0.0848, 0.0284, 0.00242, 0.683, 0.0019, 0.087, 0.0118, 0.0558, 0.0871, 0.0308, 0.042, 0.12, 0.0605, 0.0308, 0.013, 0.00776, 0.0281, 0.016, 0.0047, 0.00779, 0.142, 0.00333, 0.0075, 0.00747, 0.00139], "halfLife": ["22.3 m"]}