{"keV": [13.0, 13.244, 25.02, 25.3106, 25.3106, 27.119, 28.288, 29.1851, 29.19, 29.3911, 32.453, 32.52, 32.73, 37.8, 42.431, 42.4349, 42.6333, 43.69, 44.8, 45.855, 51.0, 52.6, 53.6106, 54.7039, 63.79, 65.62, 66.1183, 67.946, 68.81, 70.2813, 71.812, 71.8159, 72.825, 74.542, 76.35, 76.35, 77.12, 78.21, 83.0125, 85.4221, 86.3, 86.3, 87.25, 89.39, 89.9568, 89.957, 90.99, 91.433, 92.23, 92.85, 93.35, 96.22, 97.1346, 97.37, 98.565, 99.95, 101.7, 103.73, 104.819, 105.604, 108.582, 111.93, 114.2, 116.3, 116.3, 117.162, 118.968, 120.819, 123.886, 125.04, 125.43, 129.514, 131.22, 132.1, 135.339, 139.3, 139.722, 141.95, 142.69, 144.42, 145.35, 146.3462, 146.9, 148.2, 152.62, 153.17, 154.9, 156.19, 162.45, 164.5, 164.524, 165.61, 167.1, 169.002, 170.809, 172.39, 174.192, 177.91, 184.1, 185.76, 187.967, 188.65, 192.26, 205.75, 208.179, 209.08, 210.9, 212.36, 216.07, 217.151, 217.8, 219.43, 223.37, 224.33, 226.2, 230.17, 240.373, 245.35, 248.724, 255.91, 259.31, 260.53, 261.957, 268.675, 272.39, 273.74, 274.735, 278.108, 284.29, 288.029, 288.5, 291.355, 291.355, 291.93, 293.996, 302.989, 307.45, 309.49, 310.71, 311.76, 313.45, 315.39, 317.169, 317.169, 320.547, 323.381, 328.758, 336.63, 340.19, 354.04, 359.38, 364.01, 365.82, 371.34, 374.71, 381.35, 383.43, 387.86, 393.6, 396.62, 402.22, 404.39, 406.58, 416.31, 423.09, 425.46, 436.23, 441.53, 449.52, 455.48, 456.87, 459.81, 465.37, 471.06, 474.41, 478.64, 484.34, 500.4, 513.2, 514.81, 523.68, 531.54, 533.53, 536.44, 540.52, 542.41, 559.87, 562.61, 569.19, 576.0, 578.42, 584.94, 591.64, 605.16, 608.15, 614.45, 620.81, 627.7, 637.25, 652.79, 656.89, 665.03, 707.41, 720.62, 749.8], "intensity": [5.2, 0.0024, 0.0001, 0.00211, 2e-06, 1e-06, 3.6e-05, 0.0078, 0.0027, 0.0008, 1.6e-05, 1.8e-05, 0.00097, 0.00025, 0.00018, 0.072, 0.0132, 4.2e-05, 2.8e-05, 9.1e-06, 3e-05, 0.0001, 0.00347, 0.0168, 2.9e-05, 5e-05, 0.00106, 0.00032, 0.0001, 0.00058, 0.00181, 0.00116, 1.5e-05, 0.00149, 0.0003, 1e-05, 0.00043, 4.4e-05, 0.000197, 0.00012, 3.8e-05, 9.9e-05, 8.8e-05, 0.00026, 0.000229, 0.00595, 0.00031, 4.1e-05, 3.3e-05, 0.00026, 0.0096, 0.0017, 0.0203, 0.002, 9.7e-05, 1.9e-05, 6.9e-05, 6.3e-05, 0.00119, 0.00227, 0.00087, 0.0004, 0.000183, 0.000121, 4.7e-06, 0.00287, 0.00363, 0.00282, 0.00072, 1e-05, 5.1e-05, 6e-05, 1.74e-05, 3.5e-06, 0.00197, 2.06e-05, 9e-05, 9e-06, 3.4e-05, 0.0003, 0.00173, 0.0065, 0.000116, 0.000397, 1.1e-05, 3.7e-05, 0.000143, 3.6e-05, 5.4e-05, 0.000261, 0.006, 0.000407, 1.65e-05, 4.1e-05, 0.0001, 2.28e-05, 0.00017, 6.6e-06, 2.2e-05, 7.8e-06, 0.00187, 2.5e-05, 3.6e-05, 2.28e-05, 0.00229, 1.9e-05, 1.37e-05, 0.00013, 0.00062, 0.00328, 1.5e-06, 0.000118, 2.4e-05, 1.3e-06, 7e-05, 7.1e-05, 0.000413, 0.00357, 0.0014, 3.93e-05, 0.000155, 0.000102, 0.000278, 0.000246, 7.1e-05, 1.55e-05, 0.00042, 0.00113, 8.9e-06, 0.00091, 0.000117, 0.00463, 0.00062, 0.000102, 0.000122, 7.8e-05, 5e-06, 8.3e-05, 3.8e-05, 6.3e-05, 5.6e-06, 1e-05, 0.0071, 0.00027, 0.00278, 0.00077, 8e-05, 0.00058, 2.5e-06, 6e-05, 4.9e-06, 6.4e-06, 0.00077, 1.4e-06, 3.8e-06, 3.9e-06, 9.6e-05, 1.2e-06, 1.3e-05, 4.4e-06, 7.2e-06, 1.3e-06, 1.5e-06, 1.2e-05, 5.2e-07, 8e-07, 3.51e-06, 7.3e-07, 6.4e-06, 1.17e-06, 4.4e-07, 7.6e-06, 4.7e-07, 1.85e-05, 7.7e-07, 1.48e-05, 2.3e-06, 7e-07, 1.65e-05, 1.12e-05, 9.4e-07, 7e-07, 1.17e-06, 4.7e-07, 1.64e-06, 4.7e-07, 2.3e-07, 1.4e-06, 3.9e-06, 9e-07, 3.4e-06, 2.3e-07, 7e-07, 4.8e-06, 4.7e-07, 7e-07, 1.5e-06, 4.7e-07, 2.3e-07, 2.3e-07, 4e-06, 2.3e-07, 2e-06, 4.7e-07, 4.7e-07], "halfLife": ["159.2\u00d7103 y"]}