{"keV": [0.45, 4.505, 4.511, 4.932, 4.932, 511.0, 1083.08, 1447.88, 2530.86, 3032.1, 4075.2, 5523.1, 0.45, 4.505, 4.511, 4.932, 4.932, 511.0, 1083.09, 1371.22, 1561.0, 2045.6, 2348.5, 2833.42], "intensity": [0.00015, 0.0028, 0.0056, 0.00062, 0.00032, 200.0, 91.0, 21.7, 9.2, 14.7, 7.7, 22.0, 0.00018, 0.0033, 0.0067, 0.00074, 0.00038, 200.0, 100.0, 94.0, 86.0, 8.1, 2.4, 32.9], "halfLife": ["111 ms", "150 ms"]}