{"keV": [0.85, 7.461, 7.478, 8.265, 8.265, 40.3, 167.2, 511.0, 818.6, 855.0, 1321.4, 1448.3, 1454.6, 1488.6, 1547.0, 1584.2, 1673.8, 1810.1, 2077.6, 2140.2, 2445.6, 2776.2, 2902.5, 3038.5, 3083.7, 3264.5, 3595.0, 3898.5], "intensity": [0.00237, 0.023, 0.045, 0.0054, 0.00279, 5.1, 0.96, 200.0, 0.12, 0.69, 1.23, 12.2, 16.9, 1.12, 0.076, 0.213, 0.086, 0.42, 0.073, 0.071, 0.081, 0.078, 0.52, 0.11, 0.105, 0.73, 0.46, 0.042], "halfLife": ["3.204 s"]}