{"keV": [0.93, 8.028, 8.048, 8.905, 8.905, 203.0, 511.0, 848.0], "intensity": [0.00147, 0.0137, 0.027, 0.0032, 0.00164, 80.0, 200.0, 9.6], "halfLife": ["86 ms"]}