{"keV": [4.65, 33.034, 33.442, 37.72, 37.801, 38.726, 165.8575, 1053.162, 1090.938, 1215.542, 1219.044, 1254.631, 1256.772, 1310.617, 1370.509, 1381.56, 1392.944, 1420.478, 1476.488, 1517.73, 1536.391, 1558.697, 1578.146, 1595.299, 1600.577, 1683.133, 1690.75, 1754.604, 1761.18, 1766.346, 1796.97, 1894.28, 1920.407, 2059.72], "intensity": [0.63, 1.36, 2.48, 0.239, 0.46, 0.149, 23.7, 0.00072, 0.0097, 0.00313, 0.00488, 0.03, 0.00386, 0.0149, 0.00253, 0.000164, 0.000138, 0.261, 0.00171, 5e-05, 0.00248, 0.000295, 0.000639, 0.00247, 0.000339, 0.00305, 0.0001, 0.000115, 7e-05, 0.000248, 6.8e-05, 3.9e-05, 0.00017, 0.000112], "halfLife": ["82.93 m"]}