{"keV": [4.47, 31.817, 32.194, 36.304, 36.378, 37.255, 188.88, 196.51, 230.76, 233.45, 249.89, 260.6, 267.6, 312.31, 339.4, 357.01, 375.91, 396.9, 401.08, 416.49, 419.3, 430.2, 434.23, 448.76, 454.66, 466.7, 505.4, 515.86, 528.2, 531.98, 538.35, 542.71, 558.1, 567.72, 567.72, 594.02, 598.17, 601.48, 604.22, 613.4, 616.91, 627.24, 651.08, 656.58, 666.07, 668.97, 672.21, 690.04, 714.9, 728.38, 735.68, 737.6, 770.56, 788.3, 793.28, 798.01, 806.32, 827.52, 832.2, 849.7, 858.4, 883.5, 890.54, 924.96, 929.18, 933.0, 946.46, 955.19, 966.6, 973.0, 1040.93, 1059.9, 1063.7, 1076.94, 1092.23, 1108.93, 1110.9, 1120.89, 1159.3, 1178.35, 1185.21, 1190.42, 1216.14, 1240.93, 1249.41, 1283.23, 1306.09, 1308.13, 1316.4, 1321.77, 1344.4, 1353.92, 1393.2, 1410.58, 1420.66, 1462.43, 1472.6, 1500.5, 1529.3, 1531.2, 1546.63, 1563.9, 1564.63, 1573.84, 1591.73, 1600.7, 1620.74, 1677.44, 1680.72, 1689.04, 1698.66, 1711.09, 1713.6, 1722.55, 1737.9, 1748.6, 1768.19, 1793.63, 1814.6, 1818.5, 1850.7, 1877.45, 1887.57, 1904.5, 1933.48, 1949.26, 1998.46, 2003.4, 2020.76, 2022.1, 2038.1, 2079.33, 2089.91, 2100.13, 2110.91, 2156.94, 2166.7, 2173.98, 2218.91, 2229.9, 2249.7, 2304.97, 2330.2, 2349.92, 2352.6, 2375.95, 2380.66, 2418.9, 2524.47, 2529.9, 2531.84, 2605.75, 2649.32, 2774.04, 2836.88, 2847.63, 2997.32, 3047.29, 3096.4, 3270.2, 3323.66, 3418.77, 3464.34, 3665.61, 3724.2, 3769.16, 3819.99, 3839.78, 3853.87, 3887.8, 3912.21], "intensity": [0.00023, 0.00052, 0.00095, 9.1e-05, 0.00018, 5.6e-05, 0.0078, 0.0085, 0.031, 0.009, 0.01, 0.007, 0.009, 0.0078, 0.0057, 0.013, 0.038, 0.016, 0.01, 0.012, 0.009, 0.036, 0.013, 0.03, 0.13, 0.02, 0.009, 0.051, 0.036, 0.21, 0.013, 0.023, 0.009, 0.097, 0.036, 0.07, 0.011, 0.063, 0.042, 0.015, 0.023, 1.5, 0.045, 0.031, 0.028, 0.041, 0.019, 0.021, 0.07, 0.04, 0.063, 0.043, 0.016, 0.009, 0.075, 0.026, 0.012, 0.108, 0.012, 0.01, 0.011, 0.013, 0.072, 0.065, 0.23, 0.013, 0.097, 0.028, 0.017, 0.013, 0.031, 0.015, 0.01, 0.026, 0.041, 0.04, 0.026, 0.046, 0.026, 0.066, 0.029, 0.18, 0.021, 0.015, 0.015, 7.1, 0.104, 0.37, 0.013, 0.23, 0.012, 0.021, 0.015, 0.15, 0.78, 0.036, 0.011, 0.014, 0.026, 0.021, 0.03, 0.01, 0.03, 0.025, 0.052, 0.019, 0.41, 0.088, 0.6, 0.019, 0.17, 0.077, 0.016, 0.074, 0.03, 0.015, 0.013, 0.021, 0.012, 0.015, 0.01, 0.34, 0.22, 0.121, 0.24, 0.033, 0.028, 0.014, 0.13, 0.06, 0.042, 0.041, 0.13, 0.046, 0.65, 0.04, 0.012, 0.2, 0.021, 0.013, 0.011, 0.03, 0.01, 0.55, 0.022, 0.068, 0.18, 0.012, 0.028, 0.08, 0.41, 0.24, 0.16, 0.029, 0.027, 0.098, 0.084, 0.029, 0.009, 0.0099, 0.049, 0.039, 0.107, 0.13, 0.026, 0.044, 0.011, 0.018, 0.019, 0.0078, 0.012], "halfLife": ["9.27 m"]}