{"keV": [9.99, 68.894, 70.818, 79.824, 80.225, 82.473, 426.1, 9.44, 65.122, 66.831, 75.368, 75.749, 77.831, 326.2, 333.03, 355.73, 393.4, 432.0, 521.4, 570.8, 659.5, 673.5, 688.76, 759.1, 1005.7, 1091.4, 1361.0, 1446.3], "intensity": [0.075, 0.0502, 0.0845, 0.0102, 0.0195, 0.00706, 6.6, 26.6, 21.6, 36.6, 4.38, 8.4, 3.0, 0.05, 22.9, 87.0, 0.0101, 0.0067, 0.389, 0.0069, 0.0037, 0.0027, 0.0061, 0.0443, 0.0027, 0.149, 0.00043, 0.00078], "halfLife": ["6.1669 d", "6.1669 d"]}