{"keV": [0.0765, 12.975, 13.6, 30.04, 38.661, 41.93, 46.21, 46.68, 47.6, 51.624, 54.039, 56.828, 65.708, 67.674, 68.696, 68.74, 77.592, 78.43, 89.64, 89.7, 94.654, 96.14, 97.6, 98.434, 98.78, 103.06, 110.421, 111.298, 114.445, 115.38, 116.26, 119.7, 119.7, 122.35, 123.228, 123.62, 124.51, 125.21, 129.296, 141.657, 143.35, 144.201, 146.094, 158.1, 160.19, 161.45, 167.81, 171.393, 172.56, 173.7, 179.22, 188.23, 189.36, 195.679, 203.55, 218.0, 225.42, 237.77, 242.08, 243.38, 244.92, 248.95, 255.384, 263.95, 265.7, 281.2, 285.3, 297.46, 302.87, 307.85, 311.78, 316.41, 319.68, 320.862, 323.84, 332.845, 336.113, 341.506, 345.013, 345.014, 354.0, 361.89, 367.073, 368.554, 375.054, 380.191, 382.75, 392.53, 393.14, 399.53, 406.8, 411.2, 412.3, 413.713, 422.598, 426.68, 428.4, 430.08, 445.72, 451.481, 457.61, 461.25, 463.9, 473.9, 481.66, 487.06, 493.08, 526.4, 550.5, 579.4, 582.89, 586.3, 596.0, 597.99, 599.6, 606.9, 612.83, 617.1, 618.28, 619.21, 624.78, 624.78, 633.15, 637.7, 637.8, 639.99, 645.94, 649.32, 652.05, 654.88, 658.86, 664.58, 668.2, 670.8, 670.99, 674.05, 674.4, 690.81, 693.2, 697.8, 701.1, 703.68, 714.71, 718.0, 720.3, 720.3, 727.9, 736.5, 747.4, 756.4, 756.4, 762.6, 763.6, 766.47, 767.29, 769.15, 769.37, 779.4, 792.9, 805.9, 808.4, 813.7, 816.0, 821.3, 821.3, 832.5, 840.4, 843.78, 879.2, 891.0, 918.7, 940.3, 955.6, 957.6, 968.37, 979.7, 986.9, 992.7, 1005.7, 1057.3], "intensity": [1e-08, 0.0369, 4.29, 0.000217, 0.01044, 0.000146, 7.21e-05, 4.65e-05, 6.25e-05, 0.02722, 0.0001944, 0.001152, 5.2e-05, 0.0001517, 0.00036, 0.00013, 0.00038, 0.0001542, 2.7e-05, 2e-06, 0.0035, 3.79e-05, 9e-05, 0.0056, 0.00147, 0.000216, 0.0007, 0.00133, 0.00052, 0.00046, 0.000567, 2.1e-05, 9.5e-06, 9.5e-07, 1.6e-09, 2.37e-05, 6.81e-05, 5.63e-05, 0.00631, 3.2e-05, 1.73e-05, 0.000283, 0.000119, 1e-06, 6.2e-06, 0.000123, 2.9e-06, 0.00011, 3e-09, 3.1e-06, 6.6e-05, 1.09e-05, 8.3e-05, 0.000107, 0.000569, 1.2e-06, 1.51e-05, 1.44e-05, 7.3e-06, 2.53e-05, 5.1e-06, 7.2e-06, 8e-05, 2.65e-05, 1.6e-06, 2.1e-06, 1.9e-06, 4.98e-05, 5.1e-06, 5.5e-06, 2.58e-05, 1.32e-05, 4.8e-06, 5.42e-05, 5.39e-05, 0.000494, 0.000112, 6.62e-05, 0.000556, 3e-05, 7e-07, 1.22e-05, 8.9e-05, 8.8e-05, 0.001554, 0.000305, 0.000259, 0.000205, 0.00035, 5.9e-06, 2.5e-06, 7e-06, 1.8e-08, 0.001466, 0.000122, 2.33e-05, 1e-06, 4.3e-06, 8.8e-06, 0.0001894, 1.49e-06, 2.27e-06, 2.8e-07, 5e-08, 4.6e-06, 2.65e-07, 8.7e-07, 5.7e-08, 4.2e-07, 8.6e-08, 6.15e-07, 1.53e-07, 3.9e-08, 1.67e-06, 2e-07, 1.2e-07, 9.5e-07, 1.34e-06, 2.04e-06, 1.21e-06, 4.37e-07, 4.37e-07, 2.53e-06, 2.56e-06, 2.56e-06, 8.7e-06, 1.52e-05, 7.1e-07, 6.6e-06, 2.25e-06, 9.7e-06, 1.66e-06, 3.9e-08, 9e-09, 9e-09, 5.15e-07, 5.15e-07, 9e-07, 2e-08, 7.4e-08, 5.12e-07, 3.95e-06, 7.9e-08, 2.8e-06, 2.9e-08, 2e-08, 1.24e-07, 3e-08, 8.1e-08, 2.8e-06, 6.7e-07, 1e-08, 2.2e-08, 1.3e-07, 1.4e-07, 5.1e-06, 6.8e-06, 1.36e-07, 2e-08, 2.7e-08, 1.21e-07, 4.5e-08, 2.4e-08, 5e-09, 5e-08, 2.96e-08, 4.8e-08, 1.34e-07, 3.6e-08, 7.5e-08, 8e-09, 5e-08, 3.1e-08, 3.2e-08, 2.8e-08, 2.8e-08, 2.1e-08, 2.7e-08, 1.8e-08, 4.5e-08], "halfLife": ["24110 y"]}