{"keV": [13.9, 31.131, 43.533, 55.18, 74.664, 86.72, 97.069, 101.059, 111.0, 113.303, 114.234, 117.463, 117.66, 141.97, 142.93, 174.07, 186.15, 187.28, 191.97, 197.28, 201.09, 220.52, 231.7, 240.0, 255.71, 258.8, 260.86, 296.93, 296.93, 301.64, 304.17, 312.05, 326.21, 330.14, 332.06, 345.13, 351.33, 373.51, 378.06, 381.27, 395.19, 399.13, 407.7, 434.44, 448.19, 455.26, 474.5, 486.87, 490.33, 492.76, 499.1, 502.12, 504.76, 514.1, 518.01, 522.12, 530.5, 532.86, 535.01, 544.48, 547.99, 558.46, 560.63, 564.09, 567.88, 577.15, 577.15, 587.63, 587.63, 588.7, 591.82, 602.79, 624.11, 631.1, 644.12, 646.26, 658.5, 662.26, 664.17, 695.18, 703.63, 707.38, 710.35, 722.85, 727.52, 746.06, 748.09, 752.39, 769.52, 772.94, 774.77, 779.57, 788.19, 791.33, 793.55, 812.89, 819.19, 841.48, 844.05, 846.39, 849.44, 849.44, 862.56, 867.11, 874.22, 876.14, 884.45, 887.83, 889.49, 895.15, 917.4, 920.95, 922.83, 928.0, 931.97, 933.09, 938.59, 959.48, 960.99, 964.3, 965.58, 974.91, 992.0, 1009.38, 1018.14, 1040.19, 1065.76, 1096.92, 1122.8, 1196.9], "intensity": [14.5, 0.069, 4.4, 9e-05, 53.2, 0.057, 0.025, 0.039, 0.0218, 0.005, 0.009, 0.0036, 0.149, 0.00181, 0.00239, 0.0112, 0.034, 0.0065, 0.00298, 0.0028, 0.00059, 0.033, 0.0033, 0.001, 0.0013, 0.00085, 0.0036, 0.0008, 0.0008, 0.0013, 0.00186, 0.00585, 0.0051, 0.0008, 0.0013, 0.0045, 0.00085, 0.0286, 0.0117, 0.00074, 0.0024, 0.0018, 0.00378, 0.00133, 0.0105, 0.001, 0.002, 0.072, 0.0008, 0.0058, 0.0024, 0.00069, 0.0061, 0.000745, 0.0052, 0.0028, 0.00128, 0.0027, 0.00144, 0.0042, 0.0023, 0.0007, 0.0068, 0.00048, 0.00048, 0.0008, 0.0008, 0.0223, 0.0223, 0.0063, 0.0011, 0.0056, 0.0072, 0.078, 0.0022, 0.0034, 0.000638, 0.197, 0.0062, 0.0042, 0.0027, 0.0026, 0.00133, 0.0313, 0.003, 0.0049, 0.103, 0.0015, 0.00048, 0.0034, 0.0176, 0.00074, 0.0056, 0.0087, 0.00325, 0.08, 0.149, 0.0029, 0.161, 0.0362, 0.00234, 0.0023, 0.00048, 0.00088, 0.0038, 0.00218, 0.0099, 0.0027, 0.0243, 0.00096, 0.00309, 0.00298, 0.0007, 0.006, 0.0062, 0.0303, 0.00036, 0.009, 0.0121, 0.105, 0.00234, 0.00046, 0.00325, 0.000346, 0.0006, 0.0013, 0.00069, 0.00192, 0.000745, 0.00101], "halfLife": ["23.45 m"]}