{"keV": [1.38, 11.182, 11.222, 12.49, 12.496, 12.652, 13.4, 51.34, 62.2, 81.15, 87.854, 125.84, 139.243, 161.932, 200.47, 239.011, 249.805, 270.85, 281.642, 439.493, 520.654], "intensity": [0.0038, 0.028, 0.054, 0.0037, 0.0072, 0.00051, 0.0016, 0.00072, 4e-05, 0.00038, 0.2, 0.00119, 0.0099, 0.146, 0.00107, 1.59, 0.39, 0.0083, 0.058, 0.00102, 0.56], "halfLife": ["38.79 h"]}