{"keV": [1.38, 11.182, 11.222, 12.49, 12.496, 12.652, 13.4, 80.9, 87.59, 125.57, 138.95, 141.1, 144.5, 161.83, 180.68, 187.26, 189.57, 200.4, 231.49, 238.98, 243.35, 249.77, 270.83, 277.47, 281.65, 297.23, 303.76, 325.08, 331.23, 342.08, 378.45, 378.45, 384.99, 390.97, 405.87, 419.15, 424.22, 439.47, 472.03, 484.57, 504.53, 511.0, 517.9, 520.69, 523.4, 565.91, 567.9, 574.64, 578.91, 585.48, 610.39, 662.43, 704.09, 749.55, 755.35, 766.11, 791.26, 817.79, 824.28, 885.71, 911.36, 929.38, 947.5, 980.81, 991.72, 1005.05, 1186.8, 1230.5], "intensity": [2.05, 15.6, 30.2, 2.07, 4.02, 0.286, 0.029, 0.021, 1.4, 0.0092, 0.129, 0.0025, 0.0058, 1.1, 0.284, 0.058, 0.0023, 1.21, 0.062, 23.1, 0.037, 2.98, 0.321, 0.0323, 2.29, 4.16, 1.18, 0.023, 0.067, 0.0062, 0.009, 0.06, 0.84, 0.022, 0.0074, 0.0164, 0.0219, 1.56, 0.0079, 1.0, 0.009, 1.46, 0.16, 22.4, 0.039, 0.427, 0.86, 1.19, 2.96, 1.57, 0.0215, 0.081, 0.0159, 0.03, 1.67, 0.0416, 0.0092, 2.08, 0.0132, 0.0083, 0.0025, 0.0028, 0.00069, 0.0037, 0.0222, 0.92, 0.0016, 0.00092], "halfLife": ["57.04 h"]}