{"keV": [2.04, 15.691, 15.775, 17.653, 17.667, 17.969, 2186.242], "intensity": [0.000385, 0.00219, 0.0042, 0.000324, 0.000629, 0.000128, 1.4e-06], "halfLife": ["64.00 h"]}