{"keV": [4.11, 29.461, 29.782, 33.562, 33.624, 34.419, 190.46, 227.55, 246.306, 280.09, 302.49, 363.467, 417.932, 427.94, 457.758, 510.472, 536.066, 539.053, 553.916, 586.049, 603.548, 623.0, 668.536, 686.06, 729.54, 739.512, 800.23, 808.29, 814.15, 821.15, 854.99, 867.75, 877.35, 897.04, 944.21, 967.02, 996.8, 1060.07, 1096.48, 1122.15, 1157.43, 1222.56, 1272.12, 1304.7, 1403.9, 1417.69, 1424.73, 1487.85, 1500.2, 1545.78, 1547.75, 1607.29, 1689.86], "intensity": [0.171, 0.429, 0.79, 0.0739, 0.143, 0.0432, 0.00025, 0.012, 0.047, 0.024, 0.013, 0.089, 34.2, 0.083, 0.237, 0.85, 99.0, 1.4, 0.66, 1.69, 0.61, 0.017, 96.0, 1.07, 0.011, 82.0, 0.101, 0.236, 0.025, 0.043, 0.035, 0.043, 0.191, 0.021, 0.062, 0.88, 0.028, 0.017, 0.552, 0.253, 11.3, 0.179, 0.748, 0.00485, 0.345, 0.0119, 0.0208, 0.0119, 0.0396, 0.023, 0.018, 0.045, 0.0054], "halfLife": ["12.36 h"]}