{"keV": [13.9, 26.3446, 33.196, 42.704, 43.42, 51.01, 55.56, 59.5409, 64.83, 67.45, 69.76, 75.8, 97.069, 98.97, 101.059, 102.98, 109.7, 113.303, 114.234, 117.463, 120.36, 123.052, 125.3, 139.44, 146.55, 150.04, 154.27, 159.26, 161.54, 164.69, 165.81, 169.56, 175.07, 191.96, 197.0, 204.06, 208.01, 221.46, 232.81, 234.33, 246.73, 249.0, 260.8, 264.89, 267.58, 275.77, 278.04, 291.3, 292.77, 304.21, 309.1, 316.8, 322.52, 332.35, 335.37, 337.7, 358.25, 368.65, 370.94, 376.65, 383.81, 398.64, 401.3, 406.35, 419.33, 426.47, 446.43, 452.6, 454.66, 459.68, 463.22, 468.12, 487.3, 512.5, 514.0, 522.06, 529.17, 545.4, 563.05, 573.94, 586.59, 590.28, 597.48, 619.01, 627.18, 632.93, 641.47, 653.02, 662.4, 666.5, 669.83, 676.03, 680.1, 688.72, 696.6, 722.01, 729.72, 737.34, 755.9, 767.0, 770.57, 772.4, 786.0, 801.94, 806.26, 828.5, 860.7, 862.7, 887.3, 921.5], "intensity": [37.0, 2.27, 0.126, 0.0055, 0.073, 2.6e-05, 0.0181, 35.9, 0.000145, 0.00042, 0.0029, 0.00059, 0.00114, 0.0203, 0.00181, 0.0195, 4.9e-06, 0.000227, 0.00043, 0.000168, 4.5e-06, 0.001, 0.00408, 5.3e-06, 0.000461, 7.4e-05, 5.4e-07, 1.4e-06, 1.5e-06, 6.67e-05, 2.32e-05, 0.000173, 1.82e-05, 2.16e-05, 4.9e-07, 2.9e-06, 0.000791, 4.24e-05, 4.6e-06, 7e-07, 2.4e-06, 5.4e-07, 1.21e-06, 9e-06, 2.63e-05, 6.6e-06, 4.4e-07, 3.1e-06, 1.42e-05, 1.01e-06, 1.4e-06, 3e-08, 0.000152, 0.000149, 0.000496, 4.29e-06, 1.2e-06, 0.000217, 5.23e-05, 0.000138, 2.82e-05, 2e-06, 4.9e-07, 1.45e-06, 2.87e-05, 2.46e-05, 4.9e-07, 2.4e-06, 9.7e-06, 3.6e-06, 1e-06, 2.88e-06, 4.4e-07, 1.15e-06, 2.6e-06, 1e-06, 4.6e-07, 7.4e-07, 7.4e-07, 1.25e-06, 1.31e-06, 2.86e-06, 7.4e-06, 5.94e-05, 5.6e-07, 1.26e-06, 7.1e-06, 3.77e-05, 0.000364, 4.9e-07, 3.8e-07, 6.4e-07, 3.13e-06, 3.25e-05, 5.34e-06, 0.000196, 1.33e-06, 8e-06, 7.6e-06, 5e-06, 4.74e-06, 2.66e-06, 6.2e-07, 1.36e-06, 3.1e-07, 2.4e-07, 8e-08, 5.3e-07, 2.2e-07, 1.9e-07], "halfLife": ["432.6 y"]}