{"keV": [13.6, 26.7, 44.2, 44.86, 56.32, 56.76, 71.6, 77.1, 94.654, 98.434, 101.0, 103.68, 110.421, 111.298, 114.0, 114.445, 121.2, 148.567, 159.955], "intensity": [0.00125, 0.0001, 4.165e-06, 8.33e-07, 2.499e-06, 9.8e-07, 2.87e-06, 2.06e-05, 0.000312, 0.000499, 7.1e-08, 0.0001012, 6.25e-05, 0.000118, 8.1e-05, 4.59e-05, 6.86e-07, 0.000186, 6.54e-06], "halfLife": ["14.290 y", "14.329 y"]}