{"keV": [2.98, 21.99, 22.163, 24.912, 24.943, 25.455, 44.77, 88.0336, 103.827, 114.26, 134.107, 145.039, 162.37, 282.441, 286.644, 309.182, 311.39, 327.171, 390.515, 395.59, 402.05, 413.01, 415.222, 423.942, 447.426, 454.269, 497.01, 500.6, 551.258, 558.04, 564.3, 601.1, 602.568, 609.37, 636.342, 647.272, 701.876, 706.964, 724.372, 736.652, 778.14, 781.394, 787.6, 822.862, 862.637, 869.415, 966.29, 1011.16], "intensity": [4.93, 10.1, 19.1, 1.63, 3.15, 0.79, 0.00122, 3.67, 0.00067, 6.5e-05, 0.00154, 0.001, 0.000107, 3e-06, 0.000181, 0.00424, 0.0338, 4.7e-05, 0.00091, 7.3e-05, 6.5e-05, 0.00718, 0.0114, 0.001, 0.00097, 0.000445, 8.3e-05, 4.7e-05, 0.000733, 0.0027, 0.000114, 1.6e-05, 0.00874, 4e-06, 0.011, 0.026, 0.00346, 0.00165, 6.2e-05, 0.00176, 0.00112, 0.0121, 0.00021, 0.000197, 0.000177, 1.6e-05, 3.77e-05, 2.39e-05], "halfLife": ["13.59 h"]}