{"keV": [0.7, 6.391, 6.404, 7.058, 7.058, 14.4129, 122.06065, 136.47356, 230.4, 339.69, 352.33, 366.8, 570.09, 692.41, 706.54], "intensity": [1.52, 16.6, 32.9, 3.91, 2.0, 9.16, 85.6, 10.68, 0.0004, 0.0037, 0.003, 0.0012, 0.0158, 0.149, 0.005], "halfLife": ["271.74 d"]}