{"keV": [5.025, 7.18, 12.385, 49.773, 50.742, 57.3, 57.505, 59.028, 85.6, 111.621, 116.656, 124.017, 175.63, 197.7, 210.1, 210.6, 237.14, 261.4, 277.43, 286.5, 295.901, 308.291, 362.91, 371.96, 419.9, 424.9, 487.9, 495.4, 506.9, 519.2, 547.8, 559.5, 573.5, 586.0, 608.6, 609.0, 621.03, 630.7, 670.7, 671.7, 676.1, 693.9, 705.8, 732.5, 784.09, 796.55, 860.0, 869.7, 871.5, 882.0, 907.7, 912.6, 966.1, 976.2, 994.0, 1096.9, 1109.0, 1156.0, 1168.4, 1220.5, 1271.2, 1279.9, 1284.4, 1395.5, 1400.5], "intensity": [0.064, 13.8, 0.0305, 13.2, 23.0, 2.48, 4.79, 1.61, 0.06, 20.5, 2.3, 9.1, 0.089, 0.027, 0.007, 0.64, 0.302, 0.01, 0.58, 0.008, 28.9, 64.0, 0.0197, 0.257, 0.083, 0.0224, 0.005, 0.002, 0.0227, 0.0177, 0.017, 0.0466, 0.0098, 0.004, 0.037, 0.02, 0.089, 0.005, 0.252, 0.022, 0.285, 0.015, 0.012, 0.098, 0.24, 0.64, 0.0015, 0.055, 0.02, 0.0385, 0.635, 0.077, 0.0264, 0.0007, 0.0006, 0.00106, 0.0068, 0.0006, 0.00184, 0.0028, 0.00034, 0.0025, 0.0024, 0.0028, 0.0025], "halfLife": ["7.516 h"]}