{"keV": [8.4, 57.981, 59.318, 66.95, 67.244, 69.067, 79.0, 8.65, 59.718, 61.141, 68.995, 69.309, 71.195, 189.8, 326.0, 511.0, 705.0], "intensity": [0.0244, 0.0145, 0.025, 0.00284, 0.00547, 0.0019, 0.0106, 12.1, 9.2, 15.8, 1.82, 3.5, 1.22, 70.7, 7.8, 151.0, 12.0], "halfLife": ["8.3 s", "8.3 s"]}