{"keV": [2.84, 21.02, 21.177, 23.791, 23.819, 24.299, 38.72, 63.98, 89.91, 112.43, 155.39, 158.92, 167.5, 182.85, 202.13, 216.17, 270.5, 280.44, 284.83, 289.18, 306.25, 311.64, 319.16, 325.26, 328.61, 331.51, 344.52, 354.0, 360.66, 370.17, 382.6, 392.64, 401.65, 408.0, 414.66, 420.94, 437.12, 442.25, 443.37, 446.74, 486.8, 527.2, 560.72, 564.39, 576.62, 576.62, 580.1, 582.93, 610.0, 617.85, 640.5, 644.55, 646.0, 649.2, 650.72, 673.21, 681.9, 727.22, 743.31, 796.25, 807.46, 844.89, 860.33, 921.04, 921.04, 928.89, 962.43, 1087.94, 1125.7], "intensity": [5.97, 24.1, 45.4, 3.84, 7.4, 1.8, 0.0054, 10.5, 0.014, 0.023, 0.44, 0.023, 0.015, 0.35, 0.013, 0.023, 0.01242, 30.2, 0.1, 0.13, 0.88, 0.06, 4.35, 0.16, 0.15, 4.1, 41.4, 0.00662, 0.5, 0.73, 0.0046, 1.98, 0.174, 0.04, 0.29, 0.105, 0.25, 4.72, 10.5, 0.12, 0.006, 0.1, 0.58, 0.007, 0.014, 0.014, 0.008, 0.018, 0.00828, 1.16, 0.029, 11.1, 0.0662, 0.0037, 2.54, 1.05, 0.045, 0.124, 0.57, 0.0029, 1.16, 0.046, 0.0029, 0.023, 0.023, 0.016, 0.124, 3.85, 0.014], "halfLife": ["41.29 d"]}