{"keV": [2.7, 20.074, 20.216, 22.699, 22.724, 23.172, 62.39, 81.2, 129.782, 139.33, 149.1, 163.46, 183.6, 225.08, 245.21, 254.88, 262.83, 286.3, 306.66, 316.44, 326.14, 330.85, 339.4, 343.3, 349.96, 350.18, 369.45, 393.36, 407.6, 413.53, 469.37, 470.1, 489.48, 499.3, 500.1, 513.73, 539.29, 559.24, 572.0, 575.07, 577.0, 591.2, 597.1, 621.04, 632.34, 635.5, 638.66, 652.7, 656.21, 676.36, 701.0, 707.0, 724.3, 738.27, 805.84, 820.0, 821.98, 845.91, 846.9, 851.98, 875.85, 878.2, 907.64, 952.78, 969.44, 984.6, 987.0, 1017.47, 1059.6, 1082.7, 1085.4, 1094.0, 1172.58, 1209.0, 1215.38, 1222.0, 1229.5, 1238.8, 1251.89, 1321.26, 1340.0, 1357.2, 1377.06, 1441.2, 1571.0, 1698.1, 1708.7, 1721.36, 1765.4, 1809.0, 1829.6], "intensity": [1.08, 3.63, 6.9, 0.573, 1.11, 0.265, 0.066, 0.052, 5.68, 0.047, 1.75, 0.156, 0.099, 0.123, 0.025, 0.066, 6.57, 0.028, 0.08, 11.1, 1.06, 0.67, 0.014, 0.028, 0.289, 1.02, 0.047, 3.77, 0.09, 2.27, 17.5, 0.184, 0.55, 2.0, 0.55, 0.2, 0.114, 0.109, 0.009, 0.85, 0.019, 0.08, 0.03, 0.071, 0.151, 0.014, 0.222, 0.31, 2.1, 15.7, 0.019, 0.009, 47.3, 0.076, 0.045, 0.014, 0.21, 0.63, 0.028, 0.156, 2.5, 0.47, 0.53, 0.0151, 2.1, 0.0104, 0.0071, 0.32, 0.027, 0.008, 0.0047, 0.0033, 0.0076, 0.0061, 0.071, 0.0184, 0.0057, 0.0019, 0.0194, 0.203, 0.000473, 0.0024, 0.057, 0.0061, 0.0009, 0.076, 0.00047, 0.033, 0.00019, 0.00024, 0.0008], "halfLife": ["4.44 h"]}