{"keV": [14.3, 42.824, 98.86, 99.525, 103.374, 116.244, 117.228, 120.54, 152.63, 203.2, 251.2, 263.34, 302.99, 506.9, 554.5, 597.2, 605.8, 758.6, 817.8, 857.5, 900.1, 937.6], "intensity": [9.0, 0.026, 0.00142, 6.4e-05, 0.000102, 1.23e-05, 2.4e-05, 9.5e-06, 0.00105, 2.4e-05, 1.11e-05, 6e-05, 1.82e-05, 9e-06, 8.5e-05, 5.2e-05, 7.9e-06, 1.37e-05, 6.8e-05, 5.6e-06, 1.3e-06, 4e-07], "halfLife": ["18.11 y"]}