{"keV": [5.03, 35.55, 36.026, 40.653, 40.748, 41.764, 57.356, 122.4, 139.742, 197.6, 231.55, 272.9, 293.266, 338.3, 350.619, 357.8, 371.29, 389.64, 416.57, 432.999, 438.43, 446.02, 447.45, 490.368, 497.81, 523.0, 556.87, 569.91, 587.2, 594.5, 614.22, 664.571, 670.12, 675.5, 682.82, 709.59, 721.929, 729.87, 767.7, 787.4, 791.07, 806.34, 809.98, 880.46, 891.47, 907.1, 937.82, 956.9, 1002.85, 1014.3, 1031.22, 1046.78, 1060.22, 1103.25, 1160.58, 1324.48, 1340.1, 1382.0], "intensity": [9.0, 17.5, 31.5, 3.08, 5.96, 1.93, 11.7, 0.009, 0.077, 0.0026, 2.05, 0.004, 42.8, 0.0009, 3.23, 0.0006, 0.025, 0.0364, 0.0068, 0.159, 0.0043, 0.015, 0.06, 2.16, 0.045, 0.0017, 0.0317, 0.0051, 0.267, 0.0011, 0.012, 5.69, 0.0081, 0.0009, 0.0086, 0.0086, 5.39, 0.003, 0.0032, 0.0026, 0.0133, 0.0287, 0.0312, 1.031, 0.0081, 0.0013, 0.0261, 0.0013, 0.0753, 0.0013, 0.0201, 0.012, 0.0364, 0.415, 0.0024, 0.00158, 0.00308, 0.00039], "halfLife": ["33.039 h"]}