{"keV": [13.9, 31.14, 43.1, 43.53, 50.6, 55.4, 68.1, 74.66, 86.71, 97.069, 98.5, 101.059, 113.303, 114.234, 117.463, 117.6, 141.89, 169.0, 195.0, 631.09, 662.24], "intensity": [19.0, 0.071, 0.0652, 5.9, 0.00296, 0.01035, 3.4e-05, 67.2, 0.346, 0.0057, 0.0094, 0.009, 0.00113, 0.00214, 0.00084, 0.56, 0.115, 0.001344, 0.000941, 0.000336, 0.001142], "halfLife": ["7364 y"]}