{"keV": [14.6, 42.0, 102.03, 106.472, 119.243, 120.284, 123.68, 146.4, 187.1, 536.0, 536.0], "intensity": [0.192, 0.006, 0.0025, 0.0039, 0.00049, 0.00093, 0.00037, 0.012, 0.06, 0.008, 0.008], "halfLife": ["4.5 h"]}