{"keV": [7.86, 14.3, 44.663, 49.412, 57.273, 57.3, 61.46, 67.841, 88.06, 99.525, 101.96, 103.374, 106.125, 106.47, 116.244, 117.228, 120.54, 166.39, 209.753, 228.183, 254.4, 272.87, 277.599, 285.46, 311.7, 315.88, 322.3, 334.31], "intensity": [0.0149, 49.0, 0.13, 0.199, 0.05, 0.09, 0.015, 0.2, 0.0015954, 12.3, 0.008, 19.6, 0.31, 0.013561, 2.36, 4.64, 1.81, 0.012, 3.29, 10.6, 0.11, 0.08, 14.0, 0.728, 0.017, 0.0179, 0.007, 0.0239], "halfLife": ["28.9 y"]}