{"keV": [14.6, 25.2, 41.8, 42.2, 45.8, 54.0, 67.0, 84.0, 96.4, 101.3, 102.03, 106.472, 109.2, 119.243, 120.284, 123.68, 322.3, 343.0, 356.4, 381.6, 388.9, 407.2, 423.2, 448.7, 465.7], "intensity": [7.8, 8.0, 0.76, 0.08, 0.0028, 0.011, 0.231, 23.1, 0.014, 0.035, 0.12, 0.19, 0.162, 0.0238, 0.045, 0.0177, 0.028, 0.00147, 0.134, 0.57, 0.0048, 0.002, 0.0131, 0.000233, 0.00011], "halfLife": ["4.956 h"]}