{"keV": [6.06, 42.309, 42.996, 48.551, 48.695, 49.959, 58.4, 80.4, 123.0706, 129.6, 131.56, 134.87, 146.01, 156.28, 166.32, 177.05, 180.72, 188.22, 199.2, 203.4, 213.06, 218.71, 228.23, 232.12, 236.36, 241.2, 242.86, 245.07, 247.929, 255.8, 263.5, 267.46, 267.54, 269.65, 279.65, 289.99, 290.38, 295.7, 301.38, 305.19, 307.7, 312.32, 315.64, 322.07, 329.95, 346.7, 349.24, 352.85, 365.47, 366.49, 370.78, 378.9, 382.09, 382.46, 397.07, 401.26, 403.49, 409.19, 421.8, 426.0, 436.2, 444.4924, 448.45, 467.92, 478.24, 483.76, 511.6, 517.98, 533.03, 533.11, 534.86, 545.2, 546.08, 557.53, 560.79, 569.5, 581.97, 591.755, 598.3, 598.93, 602.68, 613.24, 621.6, 625.2556, 649.52, 664.74, 669.14, 676.6, 692.4205, 714.9, 715.76, 723.3014, 737.69, 740.91, 749.48, 756.802, 800.61, 801.69, 815.51, 830.42, 845.416, 850.67, 873.1834, 880.65, 892.775, 904.064, 924.57, 928.21, 981.61, 996.29, 1004.76, 1033.72, 1047.18, 1058.94, 1061.67, 1071.17, 1118.27, 1128.552, 1140.702, 1160.31, 1188.14, 1241.34, 1246.121, 1274.429, 1275.66, 1289.88, 1291.36, 1294.99, 1408.28, 1414.44, 1417.88, 1418.15, 1426.03, 1494.048, 1522.19, 1531.33, 1537.81, 1596.4804, 1665.83, 1673.93, 5.64, 39.522, 40.118, 45.293, 45.414, 46.578, 81.99, 184.68], "intensity": [7.1, 7.35, 13.1, 1.33, 2.57, 0.859, 0.0039, 0.0028, 40.4, 0.00157, 0.0131, 0.008, 0.0071, 0.0086, 0.00105, 0.0007, 0.0052, 0.24, 0.00101, 0.00052, 0.00042, 0.0008, 0.00206, 0.0218, 0.0017, 0.00125, 0.0041, 0.00045, 6.89, 0.0028, 0.00101, 0.0073, 0.00383, 0.0115, 0.0032, 0.00143, 0.00174, 0.00035, 0.0124, 0.0205, 0.00038, 0.0182, 0.00885, 0.0619, 0.0094, 0.026, 0.0072, 0.00132, 0.00101, 0.0015, 0.00421, 0.00038, 0.0095, 0.00021, 0.0276, 0.188, 0.0223, 0.0052, 0.0013, 0.0008, 0.0031, 0.547, 0.0025, 0.0626, 0.225, 0.00937, 0.00317, 0.0498, 0.0185, 0.0082, 0.017, 0.00136, 0.0087, 0.269, 0.00063, 0.0139, 0.893, 4.95, 0.0105, 0.00035, 0.0293, 0.0931, 0.0042, 0.316, 0.0874, 0.0261, 0.016, 0.1672, 1.777, 0.00091, 0.187, 20.06, 0.00226, 0.00105, 0.0075, 4.52, 0.0212, 0.0062, 0.511, 0.0062, 0.568, 0.243, 12.08, 0.084, 0.521, 0.889, 0.0649, 0.003, 0.0087, 10.48, 18.01, 0.0028, 0.0613, 0.0073, 0.0036, 0.00024, 0.113, 0.3, 0.237, 0.0462, 0.0876, 0.1226, 0.856, 34.8, 0.0017, 0.021, 0.022, 0.0116, 0.0247, 0.0052, 0.0053, 0.0084, 0.00042, 0.698, 0.00087, 0.00641, 0.0575, 1.797, 0.00202, 0.00202, 0.0044, 0.006, 0.01, 0.001, 0.002, 0.0007, 0.003, 0.004], "halfLife": ["8.601 y", "8.601 y"]}