{"keV": [1.254, 1.254, 240.12, 409.22, 409.22, 424.3, 456.0, 485.05, 502.73, 551.28, 569.67, 582.46, 640.5, 833.26, 892.85, 958.81, 1002.61, 1120.74, 1128.89, 1155.85, 1223.35, 1245.68, 1289.88, 1349.4, 1365.21, 1380.88, 1384.7, 1393.83, 1411.36, 1453.16, 1721.39, 1775.08, 1775.08, 1792.9, 1808.71, 1896.78, 1953.6, 1962.99, 2080.0, 2132.91, 2184.1, 2272.7, 2290.2, 2304.2, 2353.7, 2411.5, 2510.5, 2523.9, 2541.5, 2777.7, 2896.4, 2913.7, 2927.2, 2938.6, 3022.0, 3026.6, 3039.1, 3092.8, 3187.3, 3304.6, 3406.9, 3430.2, 3454.7, 3482.0, 3485.0, 3667.5, 3783.7, 3806.7, 3831.7, 3906.8, 4160.6, 4308.1, 4316.3, 4332.1, 4813.7, 4834.3, 4936.1, 5289.4, 5290.8, 5436.1, 5561.6, 5915.5, 6008.7, 6743.9, 7099.0, 7369.8], "intensity": [1.25e-05, 6.3e-06, 0.0079, 0.001, 0.0012, 0.0014, 0.0012, 0.057, 0.0545, 0.0046, 0.0019, 0.0025, 0.0014, 0.0496, 0.0053, 0.0109, 1.27, 0.0073, 5.88, 0.0073, 0.0322, 0.0073, 0.0882, 0.0026, 0.3485, 0.0094, 0.0162, 0.2852, 2.443, 0.0044, 0.0287, 1.19, 0.37, 0.0788, 99.08, 2.055, 0.0012, 0.0054, 0.001, 0.631, 0.179, 0.0126, 0.0075, 0.0108, 0.062, 0.0112, 0.509, 1.42, 2.37, 0.188, 0.0109, 0.0066, 0.0025, 0.565, 0.0123, 0.086, 0.00123, 0.282, 0.0422, 0.0057, 0.00207, 0.0195, 0.00034, 0.00244, 0.00136, 0.00193, 0.00103, 0.0184, 0.00205, 0.0123, 0.00173, 0.0048, 0.071, 0.114, 0.00109, 0.223, 0.0182, 0.00065, 0.00232, 0.00041, 0.0064, 0.00042, 0.00091, 0.00035, 0.00046, 0.013], "halfLife": ["1.07128 s"]}