{"keV": [1.254, 1.254, 511.0, 775.4, 822.0, 863.0, 996.83, 1059.78, 1076.86, 1090.67, 1274.71, 1368.626, 1704.8, 1771.92, 1887.52, 1899.7, 1952.38, 2136.58, 2381.0, 2428.97, 2577.4, 2754.007, 2869.5, 3203.88, 3378.3, 3493.3, 3505.61, 3866.14, 4200.54, 4237.96, 4280.62, 4316.0, 4641.19, 5060.7, 5177.51, 5340.3, 5392.68, 5979.5, 6246.89, 7069.5, 7348.2, 7615.2, 7930.87, 8085.7, 8146.0, 9450.1, 9943.5], "intensity": [0.00087, 0.00043, 201.0, 0.053, 0.021, 0.022, 0.137, 0.285, 14.8, 0.14, 0.106, 96.0, 0.016, 0.4, 0.056, 0.82, 0.094, 0.168, 0.037, 0.774, 0.03, 41.2, 1.1, 3.08, 0.043, 0.04, 1.98, 5.26, 4.02, 3.61, 0.66, 14.2, 3.42, 0.036, 0.98, 0.115, 18.3, 0.093, 0.54, 43.0, 0.153, 0.224, 1.34, 0.02, 0.028, 0.11, 0.027], "halfLife": ["2.053 s"]}