{"keV": [996.6, 1368.626, 2754.007, 2871.0, 3866.22, 4238.9], "intensity": [0.0021, 99.9936, 99.855, 0.00025, 0.074, 0.00084], "halfLife": ["14.997 h"]}