{"keV": [3.77, 27.202, 27.472, 30.944, 30.995, 31.704, 158.97, 174.2, 182.61, 192.17, 197.22, 198.23, 206.79, 207.8, 247.96, 257.51, 278.36, 281.03, 285.32, 295.17, 329.38, 330.7, 343.73, 346.35, 405.02, 437.5, 440.02, 454.76, 505.33, 528.96, 538.54, 556.05, 562.79, 578.26, 599.69, 610.05, 624.57, 628.26, 687.95, 735.78, 783.59, 837.1, 877.52, 894.8, 909.12, 1036.63, 1068.12], "intensity": [9.0, 24.7, 45.7, 4.21, 8.12, 2.34, 83.3, 0.00083, 0.0129, 0.0198, 0.00033, 0.0033, 0.0033, 0.0011, 0.071, 0.0015, 0.0022, 0.079, 0.0042, 0.001583, 0.0026, 0.0116, 0.0042, 0.126, 0.0029, 0.0007, 0.428, 0.0039, 0.316, 1.39, 0.382, 0.0031, 0.0011, 0.0015, 0.0026, 0.0011, 0.083, 0.0016, 0.0267, 0.062, 0.059, 0.0005, 0.0011, 0.00092, 0.00133, 0.001, 0.00142], "halfLife": ["13.2234 h"]}