{"keV": [3.6, 26.111, 26.359, 29.679, 29.726, 30.393, 160.33, 1021.0, 1030.23, 1088.64, 1100.5, 1177.06, 1181.23, 1260.9, 1337.44], "intensity": [2.3e-05, 6.9e-05, 0.000128, 1.17e-05, 2.2e-05, 6.3e-06, 0.0019, 0.0019, 0.031, 0.6, 8e-05, 0.00023, 0.00029, 5e-05, 0.00076], "halfLife": ["129.2 d"]}