{"keV": [3.44, 25.044, 25.271, 28.444, 28.486, 29.111, 115.6, 136.7, 293.6, 373.8, 430.27, 489.3, 497.31, 511.0, 668.13, 747.7, 782.99, 804.04, 919.79, 986.4, 1021.1, 1121.3, 1136.3, 1207.0, 1212.1, 1236.6, 1243.7, 1279.9, 1327.4, 1360.1, 1377.8, 1416.8, 1562.6, 1579.9, 1633.8, 1696.1, 1732.6, 1734.0, 1825.2, 1857.0, 1867.4, 2060.7, 2194.0, 2229.5, 2364.8], "intensity": [4.58, 14.4, 26.6, 2.41, 4.65, 1.27, 0.235, 0.00069, 0.0098, 0.041, 0.00033, 1.3, 97.9, 67.0, 0.0098, 0.196, 0.025, 0.0028, 0.0117, 0.352, 0.043, 0.157, 0.127, 0.04, 0.009, 0.58, 0.044, 0.284, 0.023, 0.062, 0.013, 0.04, 0.019, 0.009, 0.352, 0.09, 0.049, 0.055, 0.051, 0.0098, 0.06, 0.0059, 0.019, 0.127, 0.0039], "halfLife": ["32.1 m"]}