{"keV": [9.18, 41.18, 63.287, 64.986, 65.87, 73.029, 73.202, 73.56, 75.575, 80.234, 96.815, 96.969, 98.681, 107.07, 136.0, 138.92, 142.135, 154.751, 154.8, 176.907, 180.061, 181.38, 181.785, 197.486, 201.52, 219.0, 219.144, 234.572, 236.31, 251.645, 253.08, 263.02, 263.997, 280.476, 282.34, 283.97, 288.819, 290.0, 292.19, 298.831, 314.93, 317.0, 321.616, 333.24, 336.39, 337.3, 350.343, 354.25, 357.761, 361.51, 361.858, 377.34, 377.41, 378.38, 379.19, 382.63, 387.509, 413.73, 418.0, 418.31, 418.431, 420.346, 440.981, 449.16, 460.541, 482.06, 483.34, 484.359, 486.255, 487.22, 491.26, 512.3, 515.064, 516.52, 525.19, 532.126, 556.0, 557.401, 559.289, 560.0, 573.267, 598.42, 601.89, 620.93, 639.151, 668.1, 695.159, 709.924, 712.188, 735.32, 775.9, 778.43, 784.43, 800.9, 848.944, 874.306, 891.34], "intensity": [8.3, 0.0005, 3.16, 5.39, 0.00233, 3.1, 0.637, 1.22, 0.433, 1.62e-05, 0.0939, 0.00035, 0.0164, 0.56, 0.00043, 3.82, 0.0667, 0.00031, 0.0268, 0.0006, 0.167, 0.00016, 0.18, 0.00427, 0.0038, 0.0085, 0.255, 0.0477, 0.00066, 0.207, 0.0008, 5e-05, 0.00062, 1.23, 0.00097, 0.00109, 0.1405, 0.000466, 0.00066, 0.186, 0.0019, 0.001, 1.245, 0.00252, 0.0021, 0.00066, 0.0055, 9e-05, 0.00904, 0.0032, 0.283, 0.0648, 0.00062, 0.0016, 0.0101, 7e-05, 1.226, 0.00407, 0.007, 0.0005, 0.052, 0.158, 0.088, 0.00027, 3.88, 0.00085, 0.00023, 0.168, 0.01051, 0.00021, 0.00017, 0.0016, 0.01137, 0.00283, 0.016, 0.083, 0.0031, 1.308, 0.481, 0.0027, 0.0201, 0.0007, 0.00024, 0.0007, 0.00764, 0.00081, 0.00264, 0.00206, 0.0167, 0.00105, 0.00039, 0.00182, 0.00066, 0.00031, 0.00442, 0.0186, 0.0026], "halfLife": ["29.830 h"]}