{"keV": [1.19, 9.855, 9.886, 10.975, 10.982, 11.101, 50.88, 112.59, 113.5, 142.66, 231.06, 289.51, 306.12, 317.87, 336.683, 374.34, 381.67, 402.02, 428.645, 449.838, 479.45, 496.07, 520.85, 587.451, 600.912, 629.967, 633.466, 642.466, 735.694, 738.272, 772.64, 786.525, 810.33, 834.13, 861.179, 878.52, 894.327, 924.79, 938.4, 939.64, 970.76, 975.539, 999.989, 1037.35, 1050.794, 1155.7, 1163.12, 1192.24, 1215.139, 1230.931, 1260.123, 1276.797, 1390.306, 1464.054, 1500.48, 1568.07, 1571.6, 1596.733, 1613.321, 1629.9, 1680.742, 1710.41, 1711.15, 1837.15, 1861.996, 1877.692, 1920.2, 1991.16, 2028.94, 2109.361, 2201.586, 2214.024, 2402.57, 2404.3, 2491.026, 2507.718, 2515.857, 2582.39, 2605.44, 2621.279, 2633.57, 2785.83, 2844.16, 2940.18, 2942.4, 2950.0, 2981.49, 3034.6, 3094.31, 3325.3, 3338.54, 3678.5], "intensity": [0.0094, 0.084, 0.164, 0.0108, 0.0209, 0.000509, 0.01, 0.108, 0.0057, 0.0093, 0.027, 0.199, 0.0239, 0.0209, 0.122, 0.0178, 0.304, 0.019, 0.216, 0.111, 0.1, 0.0565, 0.058, 0.138, 5.822, 26.13, 0.158, 0.1059, 0.37, 0.0473, 0.0286, 3.34, 2.087, 95.45, 0.939, 0.064, 10.136, 0.129, 0.073, 0.282, 1.103, 0.0451, 0.803, 0.0184, 6.991, 0.0105, 0.094, 0.0048, 0.811, 1.425, 1.169, 1.587, 0.0821, 3.609, 0.0193, 0.164, 0.829, 4.39, 0.037, 0.027, 0.912, 0.392, 0.046, 0.25, 5.41, 0.228, 0.16, 0.101, 0.115, 1.085, 26.87, 0.218, 0.0443, 0.015, 7.73, 13.33, 0.258, 0.0127, 0.0153, 0.141, 0.0167, 0.03, 0.446, 0.0136, 0.026, 0.0047, 0.06, 0.0046, 0.0162, 0.0066, 0.0043, 0.00086], "halfLife": ["14.10 h"]}