{"keV": [8.91, 61.486, 63.0, 71.079, 71.414, 73.363, 155.0, 155.041, 312.001, 322.93, 453.34, 477.992, 486.087, 514.88, 557.71, 623.8, 632.983, 634.98, 672.535, 810.49, 825.2, 826.9, 829.47, 845.07, 931.345, 979.25, 984.1, 1017.67, 1071.4, 1096.8, 1132.31, 1149.7, 1150.5, 1174.57, 1191.84, 1209.79, 1302.4, 1304.86, 1308.03, 1322.91, 1331.95, 1457.54, 1463.0, 1530.5, 1549.26, 1574.57, 1610.4, 1652.49, 1669.91, 1785.95, 1802.04, 1807.6, 1809.54, 1828.2, 1842.5, 1864.91, 1867.2, 1936.9, 1940.91, 1956.96, 1982.5, 2022.53], "intensity": [3.09, 1.39, 2.38, 0.279, 0.539, 0.189, 0.006, 15.61, 0.0057, 0.0168, 0.0825, 1.081, 0.0855, 0.0058, 0.00092, 0.0023, 1.374, 0.161, 0.1214, 0.00105, 0.019, 0.007, 0.445, 0.00765, 0.597, 0.00117, 0.00042, 0.0164, 0.00062, 0.0007, 0.0918, 0.0178, 0.0178, 0.0194, 0.01498, 0.00349, 0.0059, 0.0028, 0.0718, 0.01424, 0.00178, 0.0208, 0.0008, 0.0006, 0.00073, 0.00082, 0.1095, 0.0033, 0.01117, 0.02088, 0.0399, 0.00088, 0.00045, 0.0001, 0.00016, 0.00535, 0.0005, 0.00017, 0.002, 0.01572, 0.0001, 0.0016], "halfLife": ["17.0040 h"]}