{"keV": [5.64, 39.522, 40.118, 45.293, 45.414, 46.578, 80.46, 110.943, 120.44, 160.7, 172.4, 176.62, 185.2, 191.38, 199.14, 212.94, 218.11, 218.19, 230.0, 256.89, 269.1, 270.5, 292.25, 292.47, 314.13, 338.37, 344.92, 349.43, 355.2, 365.51, 373.68, 388.95, 422.4, 425.48, 425.5, 429.25, 434.43, 453.42, 463.7, 469.66, 474.89, 485.1, 497.32, 511.0, 526.1, 536.15, 542.57, 549.34, 560.24, 560.4, 573.55, 581.6, 586.06, 621.79, 653.512, 674.33, 687.83, 713.48, 727.34, 729.09, 733.5, 758.13, 764.74, 778.6, 823.3, 838.61, 869.6, 893.73, 910.47, 917.13, 923.15, 949.53, 963.8, 965.1, 982.62, 1002.77, 1058.75, 1078.91, 1103.22, 1239.6, 1261.9, 1423.19, 1452.6, 1532.14, 1547.3, 1588.42, 1614.67, 1658.53, 1780.27, 1804.26, 1848.12, 1857.66, 1876.67, 1950.76, 1972.77, 1997.0, 2110.58, 2133.42, 2155.46, 2192.96, 2276.54, 2292.8, 2329.28, 2340.64, 2346.42, 2385.2, 2387.55, 2425.96, 2482.17, 2508.24, 2512.95, 2559.4], "intensity": [13.6, 22.4, 40.3, 4.01, 7.8, 2.56, 0.0145, 1.92, 0.017, 0.0158, 0.001, 0.0079, 0.0006, 0.6, 0.03, 0.021, 0.0092, 0.00072, 0.0033, 0.0217, 0.00026, 0.0026, 0.0024, 0.025, 0.045, 0.053, 0.0092, 0.0276, 0.0007, 0.05, 0.062, 0.0012, 0.0005, 0.0184, 0.0016, 0.0066, 0.17, 0.035, 0.0017, 0.026, 0.025, 0.006, 0.0039, 3.82, 0.097, 0.026, 4.5, 0.016, 0.0039, 0.0011, 0.0066, 0.0197, 0.02, 0.0053, 15.0, 0.00026, 0.03, 0.235, 0.049, 0.027, 0.0009, 0.047, 1.68, 0.036, 0.00039, 0.106, 0.0005, 66.0, 0.068, 0.0012, 0.0059, 0.077, 0.00066, 0.0039, 0.002, 0.0105, 0.0118, 0.43, 0.0059, 0.121, 0.0039, 0.361, 0.07, 0.342, 0.054, 0.0112, 0.009, 14.9, 0.0151, 1.07, 0.0072, 0.394, 1.33, 0.00125, 0.097, 7.2, 0.039, 0.22, 0.12, 0.0355, 0.106, 0.0053, 0.189, 0.021, 0.196, 0.00053, 0.0269, 0.135, 0.0361, 0.0302, 0.0217, 0.00125], "halfLife": ["5.93 d"]}