{"keV": [5.23, 36.847, 37.361, 42.166, 42.272, 43.335, 67.1, 72.5, 91.1, 130.95, 242.91, 262.886, 262.94, 303.192, 318.666, 352.481, 353.544, 364.81, 402.101, 467.03, 475.606, 492.624, 504.65, 516.071, 606.42, 623.502, 657.668, 675.795, 707.949, 713.224, 748.278, 778.77, 780.45, 848.237, 864.45, 869.38, 869.47, 920.71, 937.05, 978.969, 1011.0, 1012.745, 1017.999, 1051.412, 1088.52, 1089.9, 1093.778, 1150.258, 1161.04, 1162.32, 1177.22, 1182.48, 1213.08, 1218.22, 1249.73, 1266.13, 1271.45, 1285.48, 1331.416, 1336.65, 1338.6, 1403.92, 1527.05], "intensity": [0.122, 0.216, 0.389, 0.0383, 0.074, 0.0247, 0.009, 0.261, 0.0074, 0.00031, 0.00163, 0.0041, 0.0028, 0.0066, 0.0138, 0.0368, 0.0037, 0.00026, 0.00068, 0.0026, 0.0043, 0.0252, 0.00058, 0.0074, 0.0017, 0.0238, 0.0641, 0.514, 0.01, 0.0085, 0.525, 0.0006, 0.0041, 0.0725, 0.0012, 0.0006, 0.0009, 0.146, 0.0026, 0.256, 0.0008, 0.0055, 0.0096, 0.175, 0.0057, 0.00168, 0.00541, 0.194, 0.015, 0.0088, 0.00378, 0.00079, 0.00073, 0.00068, 0.0024, 0.00063, 0.00147, 0.00053, 0.0066, 0.00168, 8e-05, 0.0047, 0.00158], "halfLife": ["5.984 h"]}