{"keV": [1.01, 8.616, 8.639, 9.572, 9.572, 438.2, 560.82, 584.7, 750.0, 783.1, 884.88, 893.1, 901.7, 906.5, 963.3, 988.0, 1023.3, 1108.4, 1226.3, 1251.7, 1270.8, 1315.0, 1413.9, 1426.5, 1476.1, 1520.1, 1550.6, 1555.2, 1569.8, 1690.3, 1809.1, 1815.0, 1954.2, 2061.6, 2117.2, 2166.2, 2771.2, 3062.1], "intensity": [0.00119, 0.011, 0.0215, 0.00261, 0.00134, 1.4, 1.03, 0.83, 1.25, 0.49, 100.0, 2.0, 100.0, 0.24, 0.74, 0.72, 0.58, 9.3, 2.16, 73.0, 1.65, 0.57, 0.71, 2.6, 1.35, 1.2, 1.4, 0.94, 0.83, 6.3, 0.26, 1.04, 2.8, 4.9, 0.57, 0.5, 1.78, 2.39], "halfLife": ["44.5 s"]}