{"keV": [1.19, 9.855, 9.886, 10.975, 10.982, 11.101, 176.115, 1039.513, 1.01, 8.616, 8.639, 9.572, 9.572], "intensity": [0.000521, 0.0044, 0.0086, 0.00056, 0.00109, 2.65e-05, 0.294, 0.65, 0.0056, 0.052, 0.101, 0.0123, 0.0063], "halfLife": ["21.14 m", "21.14 m"]}