{"keV": [0.64, 5.888, 5.899, 6.49, 6.49, 237.0, 511.0, 1825.0, 2140.0, 2914.0, 3426.0, 3555.0], "intensity": [0.0007, 0.0088, 0.0172, 0.00202, 0.00103, 5.0, 200.0, 0.49, 0.24, 0.1, 0.2, 0.16], "halfLife": ["305 ms"]}