{"keV": [0.51, 4.945, 4.952, 5.427, 5.427, 320.076, 608.55, 928.63], "intensity": [0.00059, 0.0115, 0.0229, 0.00259, 0.00133, 93.1, 1.18, 6.9], "halfLife": ["5.76 m"]}