{"keV": [15.0, 103.1, 104.59, 109.271, 122.304, 123.403, 126.889, 198.0, 252.85, 272.2, 350.5, 365.8, 380.8, 385.0, 407.8, 408.7, 488.2, 14.6, 102.03, 106.472, 119.243, 120.284, 123.68, 165.5, 195.0, 207.4, 265.922, 430.634, 471.8], "intensity": [73.0, 0.41, 35.0, 54.0, 6.8, 12.9, 5.1, 0.166, 31.0, 0.013, 0.08, 0.38, 2.5, 0.6, 0.0294, 0.2, 0.015, 0.0051, 0.0027, 0.0042, 0.0005, 0.001, 0.00039, 0.0084, 0.0012, 0.04, 0.00014, 0.0015, 0.03], "halfLife": ["4.94 d", "4.95 d"]}