{"keV": [6.72, 29.715, 46.7, 47.547, 53.695, 53.877, 55.293, 57.864, 67.712, 71.502, 87.585, 89.753, 94.7, 95.931, 98.8, 109.59, 115.104, 119.47, 129.39, 140.544, 153.803, 170.22, 174.96, 209.7, 228.3, 259.53, 266.8, 279.763, 361.68, 405.25, 456.093, 472.11, 479.622, 489.9, 504.1, 512.57, 515.467, 540.52, 545.834, 565.718, 565.718, 575.558, 588.57, 610.29, 620.635, 633.415, 660.08, 694.08, 715.328, 725.39, 820.106, 900.41, 976.74, 984.92, 995.089, 1045.6, 1055.76, 1079.63, 1091.91, 1140.36, 1186.56], "intensity": [2.18, 0.0046, 2.82, 4.98, 0.524, 1.02, 0.34, 0.0148, 0.015, 0.0025, 0.0152, 0.003, 3.8, 0.00099, 0.00087, 0.00061, 0.0076, 0.0076, 0.00053, 0.00224, 0.0061, 0.0032, 0.00118, 0.0011, 0.00046, 0.0156, 0.0012, 0.534, 0.904, 0.0113, 0.0452, 0.0015, 0.0464, 0.0036, 0.0012, 0.0034, 0.0403, 0.006, 0.172, 0.003, 0.1364, 0.0809, 0.0035, 0.0056, 0.1003, 0.613, 0.0281, 0.0123, 0.578, 0.0148, 0.0086, 0.0027, 0.00024, 0.0068, 0.0631, 0.00054, 0.0346, 0.0999, 0.00106, 0.00144, 0.00049], "halfLife": ["2.334 h"]}