{"keV": [6.95, 14.56, 15.512, 20.71, 27.879, 30.106, 35.28, 47.155, 48.221, 49.128, 50.77, 53.182, 54.415, 55.48, 55.674, 57.142, 59.129, 60.399, 62.676, 70.61, 76.56, 77.253, 82.33, 86.93, 88.205, 98.6, 113.599, 120.34, 127.69, 129.82, 141.36, 149.65, 150.894, 156.1, 156.21, 162.6, 165.659, 175.86, 181.61, 195.773, 205.402, 210.053, 218.859, 221.15, 224.02, 233.28, 234.789, 238.471, 238.471, 242.917, 248.962, 248.962, 249.83, 251.7, 264.492, 279.264, 286.3, 292.41, 296.119, 297.369, 307.067, 309.4, 312.327, 318.84, 330.777, 330.885, 334.34, 346.825, 346.933, 356.519, 365.577, 372.8, 384.53, 389.404, 400.52, 410.02, 413.294, 415.12, 416.88, 421.179, 427.56, 430.594, 442.98, 448.58, 456.459, 460.263, 471.979, 477.791, 484.73, 487.399, 492.41, 494.94, 496.98, 511.0, 513.627, 513.735, 527.106, 531.243, 534.72, 537.17, 542.622, 557.38, 558.74, 564.183, 570.4, 573.882, 578.049, 589.912, 595.95, 605.93, 605.93, 608.527, 610.616, 623.39, 665.067, 677.85, 680.613, 698.843, 703.66, 719.58, 719.58, 747.0, 749.01, 790.873, 806.372, 821.54, 827.43, 837.646, 853.568, 892.79, 908.26, 920.24, 932.56, 937.39, 949.78, 952.71, 955.28, 991.77, 1043.05, 1046.07, 1070.8, 1096.47, 1131.26, 1184.45, 1231.86, 1262.09, 1277.79, 1285.22, 1289.04, 1339.39, 1339.39, 1364.75, 1380.21, 1416.8, 1427.4], "intensity": [29.8, 0.092, 0.0177, 0.0284, 0.00248, 0.089, 0.0213, 16.9, 28.2, 49.6, 0.00107, 0.57, 7.2, 5.28, 10.2, 3.42, 0.058, 0.71, 0.511, 0.211, 0.00178, 0.73, 0.00426, 0.0355, 0.047, 0.00461, 1.56, 0.00533, 0.0213, 0.0071, 0.029, 0.029, 0.56, 0.012, 0.017, 0.064, 0.156, 0.022, 0.0174, 0.58, 0.426, 0.84, 3.34, 0.234, 0.028, 0.103, 0.065, 0.16, 0.16, 35.5, 0.8, 0.4, 0.142, 0.0117, 0.55, 0.6, 0.0089, 1.27, 3.88, 12.7, 0.158, 0.078, 0.47, 0.011, 0.088, 0.114, 0.0149, 0.22, 2.88, 2.75, 0.49, 0.0177, 0.153, 2.82, 0.14, 0.034, 0.082, 0.061, 0.02, 0.327, 0.036, 0.28, 0.73, 1.63, 1.25, 4.12, 0.353, 0.401, 0.107, 1.04, 0.098, 0.053, 0.016, 0.011, 0.082, 0.241, 0.94, 0.132, 0.033, 0.073, 1.43, 0.185, 0.316, 2.31, 0.0082, 0.344, 0.166, 1.82, 0.023, 0.163, 0.163, 0.451, 0.479, 0.195, 0.376, 0.148, 0.092, 1.29, 0.018, 0.0174, 0.0174, 0.178, 0.075, 0.458, 9.5, 0.102, 0.043, 0.486, 0.161, 0.028, 0.021, 0.04, 0.067, 0.0192, 0.058, 0.138, 0.0188, 0.042, 0.077, 0.077, 0.0117, 0.0135, 1.73, 2.95, 0.029, 0.012, 0.015, 0.055, 0.104, 0.021, 0.021, 0.065, 0.39, 0.032, 0.81], "halfLife": ["30.06 h"]}