{"keV": [11.1, 76.863, 79.29, 89.256, 89.807, 92.317, 130.6, 224.0, 271.23, 293.56, 321.8, 330.8, 373.5, 383.1, 401.81, 405.4, 436.9, 461.6, 489.3, 517.6, 556.1, 564.1, 576.6, 608.3, 619.9, 671.9, 676.66, 708.1, 732.8, 802.5, 835.3, 877.2, 891.1, 1073.7], "intensity": [1.02, 0.54, 0.89, 0.108, 0.21, 0.077, 0.13, 0.0014, 10.8, 0.073, 9e-05, 0.00097, 0.00025, 0.00043, 6.6, 0.00025, 0.0003, 0.00016, 0.00063, 0.044, 5e-05, 0.0015, 9e-05, 0.0043, 0.00032, 0.00022, 0.0173, 0.00032, 6e-05, 0.00032, 0.0016, 0.00032, 0.00076, 0.00032], "halfLife": ["3.96 s"]}