{"keV": [2.7, 20.074, 20.216, 22.699, 22.724, 23.172, 39.748, 53.29, 62.41, 241.88, 294.98, 317.72, 357.45, 443.79, 497.08], "intensity": [8.73, 22.4, 42.5, 3.54, 6.85, 1.64, 0.0683, 3e-05, 0.00104, 5e-07, 0.0028, 1.5e-05, 0.0221, 1.5e-05, 0.00396], "halfLife": ["16.991 d"]}