{"keV": [2.7, 20.074, 20.216, 22.699, 22.724, 23.172, 39.76, 42.63, 53.286, 62.41, 113.191, 114.87, 241.875, 292.7, 294.964, 317.72, 357.382, 443.81, 497.085, 514.365, 557.057, 567.693, 610.333, 612.094, 651.69], "intensity": [4.03, 2.49, 4.73, 0.393, 0.76, 0.182, 0.0692, 0.0052, 0.443, 0.00044, 0.0032, 0.0074, 0.0143, 0.0009, 0.288, 0.005, 0.0086, 0.339, 91.0, 0.00619, 0.841, 0.00209, 5.76, 0.105, 0.00022], "halfLife": ["39.247 d"]}