{"keV": [10.8, 31.8, 63.13, 74.815, 77.107, 86.83, 87.349, 89.784, 291.81, 538.39, 570.13, 601.52, 861.82, 925.11], "intensity": [0.0029, 2.7e-05, 0.00034, 0.00109, 0.00182, 0.000221, 0.00042, 0.000155, 0.00227, 0.0005, 0.00138, 0.00107, 0.00074, 5e-05], "halfLife": ["2.898 y", "2.898 y"]}