{"keV": [14.3, 44.08, 99.525, 101.93, 103.374, 116.244, 117.228, 120.54, 157.42, 210.2, 336.38, 357.62, 459.8, 515.25, 561.02, 605.04, 617.22, 617.22, 837.01, 882.63, 897.33, 918.7, 938.91, 962.8, 974.5, 979.8, 983.0, 984.5, 1028.5, 1081.7, 1118.3, 1184.6, 1220.2], "intensity": [9.9, 0.03345, 3.71e-06, 0.00253, 5.88e-06, 7.1e-07, 1.4e-06, 5.45e-07, 0.00142, 1.156e-05, 7e-07, 4.5e-08, 6e-08, 4.5e-06, 0.00015, 0.0001, 1.6e-07, 7.9e-06, 1.9e-07, 6.7e-08, 2.2e-05, 5.4e-07, 1.8e-07, 5.3e-07, 1e-07, 2.6e-07, 5e-07, 2e-06, 1.6e-06, 5e-08, 1.7e-07, 5e-07, 2.8e-07], "halfLife": ["162.86 d"]}