{"keV": [2.29, 17.374, 17.479, 19.59, 19.607, 19.965, 204.1161, 561.88, 765.803], "intensity": [0.00558, 0.0287, 0.0546, 0.00437, 0.0085, 0.00186, 0.028, 0.015, 99.808], "halfLife": ["34.991 d"]}