{"keV": [1.92, 14.883, 14.958, 16.726, 16.738, 17.013, 260.6, 406.9, 419.5, 458.4, 543.4, 576.6, 651.3, 668.6, 685.6, 708.4, 724.6, 777.3, 826.8, 899.2, 931.9, 945.0, 961.6, 970.0, 983.8, 1062.8, 1120.0, 1136.6, 1145.4, 1184.0, 1194.0, 1207.3, 1277.4, 1302.5, 1335.4, 1360.9, 1370.5, 1428.3, 1581.4, 1612.7, 1722.5, 1872.0, 1928.5, 1954.8, 2020.0, 2031.5, 2046.4, 2096.1, 2106.3, 2112.0, 2168.7, 2247.6, 2251.0, 2430.8, 2557.2, 2564.9, 2667.4, 2684.0, 2705.8, 2717.3, 2749.7, 2781.8, 2821.4, 2891.0, 2930.5, 2933.1, 2965.0, 3116.6, 3116.8, 3257.6, 3334.2, 3352.8, 3388.9, 3474.3, 3507.5, 3528.0, 3577.0, 3582.2, 3616.1, 3651.6, 3674.5, 3743.2, 3877.5, 3943.4, 4075.1, 4191.0, 4214.4, 4268.0, 4348.2, 4360.0, 4420.5], "intensity": [0.00105, 0.00629, 0.0121, 0.00091, 0.00177, 0.00034, 0.5, 0.113, 0.09, 0.181, 0.0339, 0.75, 0.068, 0.136, 22.6, 0.113, 0.181, 0.59, 2.9, 0.181, 0.0452, 2.2, 0.407, 0.068, 1.18, 0.429, 0.113, 0.113, 0.113, 0.158, 0.068, 0.136, 2.1, 0.09, 0.68, 0.54, 0.09, 0.339, 0.113, 0.226, 0.52, 0.226, 0.09, 0.09, 0.271, 0.47, 0.35, 0.12, 0.09, 0.0452, 0.339, 3.8, 0.068, 0.249, 0.09, 0.0339, 0.181, 1.18, 0.23, 4.6, 0.32, 1.06, 0.181, 0.9, 0.384, 4.1, 0.181, 0.113, 0.57, 0.0452, 0.136, 0.95, 0.136, 0.23, 0.226, 0.09, 0.407, 0.068, 1.72, 0.113, 0.0339, 0.84, 0.068, 0.068, 1.22, 0.068, 0.09, 0.45, 0.158, 0.0271, 0.181], "halfLife": ["23.90 s"]}