{"keV": [3.13, 22.984, 23.174, 26.06, 26.095, 26.644, 120.68, 226.0, 244.86, 402.5, 411.39, 450.75, 536.31, 558.7, 606.821, 617.517, 629.2, 648.91, 663.59, 687.41, 692.82, 694.872, 714.84, 718.89, 752.14, 762.41, 784.91, 798.04, 802.3, 815.79, 842.8, 851.285, 861.68, 886.99, 894.5, 918.72, 946.92, 957.1, 957.8, 983.8, 1006.81, 1037.9, 1063.49, 1073.32, 1103.58, 1125.78, 1194.0, 1253.56, 1282.29, 1296.9, 1312.36, 1322.0, 1356.52, 1387.68, 1398.64, 1411.8, 1447.0, 1451.3, 1453.4, 1468.84, 1538.68, 1599.7, 1604.6, 1613.66, 1653.09, 1715.08, 1756.3, 1798.5, 1888.79, 1900.77, 1909.53, 1945.14, 1952.9, 2051.5, 2056.5, 2106.31, 2148.21, 2156.2, 2211.65, 2249.91, 2506.7, 2552.01, 2614.02, 2685.83, 2723.6, 2752.08, 2765.7, 2776.0, 2829.2, 2852.7, 2863.0, 2961.7, 3133.21, 3170.0, 3231.35, 3393.0], "intensity": [0.0164, 0.058, 0.109, 0.0094, 0.0181, 0.00466, 0.077, 0.017, 0.43, 0.041, 0.115, 0.036, 0.059, 0.013, 3.1, 43.0, 0.017, 0.011, 0.03, 0.028, 1.19, 2.9, 0.054, 0.27, 0.038, 0.058, 0.04, 0.51, 0.03, 0.132, 0.013, 1.02, 0.22, 0.043, 0.0072, 0.077, 0.085, 0.009, 0.034, 0.051, 0.115, 0.072, 0.085, 0.051, 0.42, 0.18, 0.056, 0.37, 0.059, 0.016, 1.11, 0.026, 0.47, 5.3, 0.03, 0.034, 0.034, 0.14, 0.0087, 0.6, 0.51, 0.079, 0.021, 2.8, 0.038, 0.041, 0.031, 0.89, 0.31, 0.025, 0.00164, 0.079, 0.047, 0.084, 0.6, 2.4, 0.098, 0.047, 0.43, 0.0127, 1.06, 0.106, 0.00166, 0.25, 0.098, 0.089, 0.0057, 0.0127, 0.34, 0.017, 0.009, 0.017, 0.0043, 0.0043, 0.0043, 0.0043], "halfLife": ["3.130 h"]}