{"keV": [3.13, 22.984, 23.174, 26.06, 26.095, 26.644, 120.68, 244.86, 402.5, 511.0, 558.7, 606.821, 617.517, 687.41, 688.23, 694.872, 808.82, 815.79, 831.79, 842.8, 851.285, 897.07, 1253.56, 1312.36, 1468.84, 1504.04, 1538.68, 1683.22, 2121.49, 2156.2], "intensity": [1.96, 7.0, 13.2, 1.15, 2.21, 0.57, 0.002, 0.0003, 0.0051, 47.0, 0.0015, 0.23, 1.0, 0.00014, 0.0014, 0.0023, 0.00033, 0.005, 0.0017, 7e-05, 0.03, 0.0011, 0.045, 0.001, 0.016, 0.009, 0.0026, 0.0035, 0.00026, 0.00023], "halfLife": ["14.88 m", "14.88 m"]}