{"keV": [6.27, 31.32, 43.744, 44.482, 50.228, 50.384, 51.698, 60.882, 83.04, 108.65, 143.922, 171.2, 182.424, 201.44, 207.31, 245.96, 265.469, 266.766, 273.09, 285.96, 287.7, 296.784, 300.7, 326.336, 333.03, 373.01, 405.08, 459.16, 464.93, 493.44, 499.12, 504.99, 511.0, 523.36, 540.94, 553.374, 576.475, 597.376, 636.41, 637.36, 686.68, 697.29, 744.702, 770.12, 776.01, 781.37, 791.77, 803.05, 834.37, 847.75, 861.78, 864.42, 883.32, 895.06, 900.43, 909.49, 922.78, 925.35, 930.82, 949.2, 970.38, 983.5, 991.7, 1016.71, 1041.48, 1044.34, 1096.55, 1099.89, 1102.36, 1160.68, 1174.79, 1214.6, 1257.65, 1275.46, 1318.5], "intensity": [16.2, 3.1e-05, 23.2, 41.3, 4.24, 8.2, 2.74, 0.178, 0.263, 0.0014, 0.062, 0.0033, 1.33, 0.00095, 0.0017, 0.0011, 0.17, 0.0209, 0.0033, 0.0016, 0.0009, 0.0382, 0.0012, 93.0, 0.00065, 0.0058, 0.0216, 0.00233, 0.00015, 0.000149, 0.01, 0.00579, 0.004, 0.00036, 0.0001, 0.0146, 0.0327, 0.085, 0.0148, 0.0203, 0.00033, 0.00286, 0.0484, 0.0259, 0.053, 0.00019, 0.00065, 0.0007, 0.00048, 0.00219, 0.00012, 0.0014, 0.00067, 0.00288, 0.00162, 0.0021, 0.000112, 0.00102, 0.0079, 0.00048, 0.000112, 0.00064, 0.00321, 0.00013, 0.0027, 0.00301, 0.000121, 0.00019, 0.00156, 0.00018, 0.00012, 0.00205, 8.4e-05, 0.00407, 0.000112], "halfLife": ["8.14 h"]}