{"keV": [2.307, 2.308, 2.464, 2.464, 511.0, 840.4, 1125.0, 1472.0, 1519.0, 1967.3, 2026.0, 2312.0, 2409.0, 2867.7, 3094.0, 3212.0, 3584.0, 3832.0, 3905.0, 3935.0, 4053.0, 4144.0, 4375.0, 4424.0, 4746.0], "intensity": [0.00186, 0.0037, 0.000171, 8.7e-05, 199.8, 0.52, 0.0062, 0.026, 0.0011, 0.46, 0.0068, 0.0102, 0.0008, 0.44, 0.0007, 0.0003, 0.0002, 0.0003, 0.00015, 0.00021, 0.00048, 0.00013, 0.00022, 0.00015, 0.00037], "halfLife": ["2.511 s"]}