{"keV": [1.48, 11.878, 11.924, 13.284, 13.292, 13.469, 178.26, 275.93, 290.0, 290.04, 538.2, 552.42, 566.03, 649.79, 789.1, 828.27], "intensity": [0.000304, 0.00225, 0.0043, 0.000305, 0.00059, 5.9e-05, 0.0058, 0.68, 0.015, 0.56, 0.049, 0.088, 0.224, 0.026, 0.0029, 0.29], "halfLife": ["18.45 m"]}