{"keV": [1.739, 1.74, 1.836, 1.836, 511.0, 1152.57, 1273.361, 2028.09, 2425.73], "intensity": [0.00124, 0.00249, 4.2e-05, 2.11e-05, 199.87, 0.065, 1.32, 0.0022, 0.389], "halfLife": ["4.142 s"]}