{"keV": [2.009, 2.01, 2.136, 2.136, 468.79, 511.0, 570.36, 1039.15, 1151.99, 1383.55, 1657.8, 1722.35, 1848.2, 1953.91, 2126.59, 2187.1, 2422.7, 2531.4, 2696.95, 3000.19, 3105.9, 3339.09, 3424.9, 3570.55, 3909.45, 4954.1, 5956.3, 6425.09, 6995.45], "intensity": [0.00034, 0.00069, 2.04e-05, 1e-05, 1.1, 200.0, 1.6, 3.2, 0.53, 45.0, 0.01, 1.7, 0.46, 18.0, 0.13, 0.86, 22.6, 1.7, 0.11, 2.5, 0.04, 3.0, 3.6, 9.1, 0.12, 1.7, 4.5, 8.0, 2.2], "halfLife": ["188 ms"]}