{"keV": [5.03, 35.55, 36.026, 40.653, 40.748, 41.764, 145.45, 511.0, 981.7, 1126.91, 1147.3, 1289.58, 1292.64, 1298.6, 1306.0, 1310.6, 1434.6, 1435.1, 1456.12, 1580.17, 1608.35, 1657.04], "intensity": [11.0, 21.5, 38.8, 3.8, 7.34, 2.37, 0.24, 5.18, 0.0218, 0.8, 0.307, 0.0098, 0.46, 0.127, 0.00016, 0.0004, 0.0056, 0.0, 0.0008, 0.0061, 0.0184, 0.00096], "halfLife": ["2.49 h"]}