{"keV": [1.19, 9.855, 9.886, 10.975, 10.982, 11.101, 23.438, 64.69, 174.954, 195.22, 247.351, 264.21, 279.379, 287.32, 306.217, 308.24, 308.24, 311.15, 324.92, 326.785, 331.4, 331.48, 348.27, 350.163, 373.837, 380.08, 387.31, 391.383, 392.16, 414.39, 431.281, 445.07, 448.52, 457.72, 465.228, 499.876, 504.28, 511.0, 526.642, 533.2, 533.6, 551.5, 570.42, 572.255, 590.5, 595.6, 614.26, 615.365, 622.71, 631.52, 633.44, 639.477, 659.428, 674.33, 680.035, 696.575, 698.44, 702.5, 705.1, 708.195, 711.6, 712.598, 727.531, 747.28, 754.4, 759.11, 765.89, 788.92, 798.0, 798.4, 808.27, 828.0, 831.294, 839.3, 851.3, 851.63, 881.893, 886.98, 890.0, 906.696, 920.553, 921.1, 935.175, 964.479, 983.67, 993.9, 996.06, 1006.466, 1026.512, 1030.2, 1033.542, 1037.53, 1039.34, 1044.845, 1058.817, 1073.4, 1083.86, 1095.49, 1098.64, 1104.162, 1123.74, 1129.37, 1139.461, 1191.18, 1202.26, 1202.26, 1211.35, 1212.496, 1218.16, 1231.692, 1243.56, 1247.0, 1255.76, 1267.008, 1276.0, 1280.91, 1292.13, 1298.729, 1307.98, 1331.526, 1347.7, 1360.44, 1379.0, 1383.86, 1406.5, 1423.579, 1454.26, 1568.4, 1582.33, 1598.505, 1602.74, 1605.749, 1617.12, 1629.154, 1743.4, 1762.49, 1792.0, 1937.41, 1965.03], "intensity": [1.41, 11.7, 22.8, 1.49, 2.9, 0.071, 0.0186, 0.0007, 82.4, 0.008, 0.195, 0.008, 0.187, 0.021, 0.025, 0.0115, 0.0082, 0.0041, 0.017, 3.05, 0.016, 0.021, 0.048, 0.378, 0.086, 0.0082, 0.0124, 0.606, 0.035, 0.0033, 0.0206, 0.0016, 0.0033, 0.0033, 0.094, 3.64, 0.17, 56.5, 0.865, 0.019, 0.0033, 0.0041, 0.0222, 0.265, 0.025, 0.082, 0.014, 0.529, 0.0132, 0.2, 0.048, 0.049, 0.068, 0.0058, 0.097, 0.0091, 0.0198, 0.033, 0.0025, 0.269, 0.0066, 0.326, 0.0181, 0.163, 0.0015, 0.0148, 0.0058, 0.0091, 0.016, 0.0231, 0.03, 0.0033, 0.087, 0.0012, 0.041, 0.181, 0.03, 0.0041, 0.0025, 0.0445, 0.305, 0.016, 0.028, 0.0684, 0.0049, 0.00198, 0.0099, 0.0437, 0.313, 0.0107, 0.196, 0.203, 0.0091, 0.019, 0.0247, 0.0019, 0.0115, 4.1, 0.123, 0.0115, 0.003, 0.0058, 0.803, 0.0049, 0.0096, 0.0015, 0.0247, 0.279, 0.0025, 0.0692, 0.0017, 0.00074, 0.0041, 0.0231, 0.0074, 0.0016, 0.0013, 0.191, 0.0095, 0.079, 0.00041, 0.0086, 0.0009, 0.0035, 0.0021, 0.028, 0.00074, 0.0016, 0.003, 0.0354, 0.0026, 0.014, 0.0204, 0.0247, 0.0305, 0.0078, 0.00041, 0.0113, 0.00115], "halfLife": ["65.30 h"]}