{"keV": [9.99, 68.894, 70.818, 76.857, 79.824, 80.225, 82.473, 115.714, 137.5, 138.471, 140.898, 144.639, 148.026, 148.5, 151.932, 160.659, 160.659, 164.544, 203.135, 204.477, 215.743, 224.75, 225.885, 241.356, 241.425, 251.969, 253.991, 286.518, 289.425, 306.863, 309.209, 312.613, 313.23, 316.176, 319.566, 330.303, 330.84, 341.375, 342.939, 367.942, 376.79, 387.345, 398.63, 404.94, 419.828, 430.368, 464.214, 467.86, 476.815, 480.24, 487.56, 490.95, 540.948, 544.21, 546.1, 564.19, 579.3, 601.48, 602.73, 612.12, 626.52, 628.8, 646.17, 661.36, 688.94, 694.14, 701.56, 711.7, 718.04, 783.71, 787.1, 807.2, 886.2, 936.1, 1147.2, 1202.35, 1205.75, 1225.44, 1254.14, 1262.96, 1273.43, 1291.1, 1350.35, 1363.2, 1366.8, 1488.5, 1514.9, 1570.45, 1573.6, 1593.18, 1604.5, 1630.7, 1693.13, 1718.6], "intensity": [0.47, 0.32, 0.54, 0.0068, 0.065, 0.124, 0.045, 0.07, 0.00032, 2.3e-05, 0.00018, 0.0036, 0.003, 0.0022, 0.0036, 5.7e-05, 2.6e-05, 0.0049, 0.0018, 0.000106, 4.9e-05, 0.00051, 3.7e-05, 0.00064, 0.0009, 0.0091, 0.00049, 3.8e-06, 0.0163, 0.00033, 0.0069, 0.001, 0.00049, 0.005, 2.6e-05, 5.3e-05, 0.00076, 0.0026, 0.00018, 19.0, 0.011, 0.0081, 0.0028, 6.8e-06, 0.00083, 0.0021, 0.0042, 0.00076, 0.00159, 8.1e-05, 0.00083, 0.00053, 0.043, 3.2e-05, 0.00032, 0.053, 0.04, 0.013, 9.5e-06, 0.0127, 4.2e-05, 0.024, 0.026, 0.39, 0.029, 0.0026, 0.0068, 0.00017, 0.0062, 0.0025, 0.00113, 0.0013, 0.138, 0.0017, 0.123, 0.17, 0.007, 10.7, 0.062, 3.1, 0.17, 0.00038, 0.033, 0.015, 0.00096, 0.00057, 0.113, 0.41, 2.1e-05, 0.11, 0.151, 0.26, 0.076, 0.074], "halfLife": ["48.4 m"]}