{"keV": [9.99, 68.894, 70.818, 76.857, 79.824, 80.225, 82.473, 115.714, 116.51, 137.5, 138.471, 140.898, 144.639, 148.026, 148.5, 151.932, 160.659, 160.659, 164.544, 182.17, 186.771, 201.91, 203.135, 203.8, 204.477, 215.743, 224.75, 225.885, 241.356, 241.425, 243.411, 251.969, 252.356, 253.991, 268.49, 270.53, 272.109, 275.497, 281.08, 286.518, 289.425, 299.887, 301.963, 306.863, 308.801, 309.209, 312.613, 313.23, 316.176, 319.566, 330.303, 330.84, 338.75, 341.375, 342.939, 346.406, 351.27, 359.48, 367.942, 376.79, 380.03, 383.437, 387.345, 392.524, 395.97, 397.765, 398.63, 404.94, 408.556, 414.41, 419.828, 428.45, 430.368, 439.52, 448.91, 453.6, 460.76, 464.214, 467.86, 467.86, 475.08, 476.815, 480.24, 483.34, 485.36, 487.12, 487.56, 490.95, 495.93, 497.81, 498.63, 511.0, 520.91, 521.41, 533.48, 540.948, 544.21, 546.1, 553.6, 556.58, 564.19, 568.04, 577.98, 579.3, 587.88, 591.66, 597.41, 598.35, 600.82, 601.48, 602.73, 612.12, 613.55, 626.52, 628.8, 632.85, 635.86, 635.86, 639.11, 643.29, 646.17, 651.4, 655.59, 659.01, 661.36, 688.94, 690.28, 694.14, 695.72, 700.17, 701.56, 703.82, 710.93, 711.7, 713.94, 718.04, 718.55, 720.21, 722.2, 728.45, 738.5, 739.05, 747.3, 759.3, 761.43, 780.96, 783.71, 787.1, 796.41, 799.9, 807.2, 818.33, 828.27, 872.93, 886.2, 898.56, 936.1, 975.15, 1027.1, 1034.9, 1042.4, 1116.0, 1147.2, 1167.1, 1202.35, 1205.75, 1225.44, 1254.14, 1262.96, 1266.9, 1273.43, 1291.1, 1341.7, 1350.4, 1363.2, 1366.8, 1385.0, 1407.64, 1477.78, 1488.5, 1514.9, 1570.45, 1573.6, 1593.18, 1604.5, 1630.7, 1693.13, 1718.6, 1746.4, 1759.3, 1783.4, 1861.0, 1870.56, 1906.2, 1921.1, 1928.2, 1963.5, 1975.8, 2002.1, 2020.6, 2229.0, 2274.0, 2289.6, 2296.3, 2370.0], "intensity": [31.8, 24.0, 40.4, 0.03, 4.88, 9.3, 3.38, 0.017, 0.11, 0.076, 2.6e-05, 0.17, 0.016, 0.0136, 0.076, 0.12, 0.0131, 0.023, 0.172, 0.052, 0.012, 0.09, 0.0078, 0.00016, 0.00011, 0.011, 0.0075, 4e-05, 0.0049, 0.031, 0.0117, 0.32, 0.104, 0.0038, 0.0031, 0.00018, 0.035, 0.014, 0.0017, 4.4e-06, 0.57, 0.0018, 0.0014, 0.0049, 7.8e-05, 0.244, 0.036, 0.0038, 0.0032, 0.06, 5.6e-05, 0.0058, 0.0218, 0.0204, 0.000191, 0.0028, 0.0104, 0.00018, 87.0, 0.0028, 0.0104, 0.033, 0.158, 0.004, 0.002, 0.00017, 0.022, 0.011, 0.044, 0.00034, 0.00087, 0.0026, 0.00225, 0.00028, 0.0029, 0.00104, 0.001, 0.0189, 0.00079, 0.055, 0.00026, 0.37, 0.08, 0.007, 0.032, 0.00029, 0.00087, 0.00056, 0.08, 0.01, 0.0037, 0.802, 0.022, 0.28, 0.044, 0.028, 0.072, 0.00034, 0.05, 0.1, 0.0168, 0.0015, 0.0007, 13.7, 0.0039, 0.29, 0.0008, 0.0096, 0.001, 0.0033, 8.7e-06, 0.25, 0.0007, 0.1, 0.84, 0.0038, 0.002, 7.8e-05, 0.00044, 0.0131, 0.0084, 0.0001, 0.0046, 0.021, 2.27, 0.132, 0.0016, 0.053, 0.0024, 0.0055, 1.56, 0.025, 0.00011, 0.27, 0.0037, 0.049, 0.0051, 0.037, 0.0007, 0.00044, 0.0007, 0.00023, 0.0032, 0.007, 0.0016, 0.001, 0.57, 1.03, 0.00096, 0.00031, 0.00139, 0.0053, 10.8, 0.07, 2.02, 0.62, 0.06, 0.08, 0.061, 0.0116, 0.0061, 0.00022, 0.12, 0.1, 0.108, 30.0, 3.3, 0.9, 0.78, 0.0084, 3.3, 0.6, 0.043, 0.148, 3.4, 0.9, 0.0157, 1.44, 0.151, 0.00061, 4.0, 0.27, 0.05, 0.03, 1.17, 0.067, 0.079, 0.33, 0.057, 0.183, 0.014, 0.008, 0.03, 0.114, 0.064, 0.0066, 0.0067, 0.045, 0.043, 0.029, 0.0035, 0.017, 0.022, 0.033, 0.0018], "halfLife": ["26.1 h"]}