{"keV": [11.4, 23.0, 58.9, 78.948, 81.517, 91.73, 92.315, 94.9, 145.3, 150.9, 12.3, 20.27, 29.6, 29.78, 31.69, 43.5, 44.0, 49.8, 50.094, 61.43, 62.31, 73.5, 79.651, 85.431, 88.471, 89.08, 93.88, 99.432, 100.13, 102.498, 111.05, 134.59, 155.5, 173.38, 184.68, 200.7, 204.9, 205.6, 210.6, 218.8, 234.75, 236.05, 245.6, 250.24, 250.24, 254.6, 256.17, 262.9, 272.8, 280.7, 280.7, 286.0, 289.68, 296.5, 299.95, 304.4, 307.78, 307.78, 312.65, 314.6, 319.26, 329.8, 334.3, 339.5, 342.5, 350.5, 369.38, 434.4, 439.6, 444.5, 452.9, 452.9, 457.5, 469.3, 469.3, 475.4, 475.4, 480.9, 493.4, 506.9, 516.7, 524.8, 533.1, 537.2, 537.2, 539.8, 545.4, 552.3, 556.3, 568.94, 576.1, 581.3, 592.3, 596.9, 600.7, 607.6, 613.6, 632.7, 663.7, 671.9, 708.3, 723.1, 724.15, 737.4, 742.4, 746.3, 753.65, 757.2, 762.6, 765.8, 775.83, 780.8, 784.93, 787.6, 787.6, 792.2, 796.22, 803.77, 806.0, 812.4, 816.5, 823.2, 825.95, 833.9, 836.2, 842.19, 846.86, 846.86, 863.6, 867.4, 876.5, 878.1, 893.1, 896.71, 907.61, 911.3, 913.6, 926.5, 941.2, 949.3, 958.0, 969.2, 975.2, 978.7, 989.4, 994.3, 999.3, 1025.1], "intensity": [0.0055, 0.007, 0.0008, 0.0006, 0.00099, 0.00012, 0.00023, 8.5e-05, 0.0002, 0.0056, 27.0, 1.6, 0.024, 0.054, 0.0015, 0.0024, 0.0015, 2.8, 34.0, 0.0039, 0.018, 0.0015, 8.7, 1.63, 2.7, 0.06, 0.066, 0.32, 0.62, 0.23, 0.0054, 0.53, 0.003, 0.12, 0.25, 0.003, 0.98, 0.0066, 0.0108, 0.0096, 3.0, 0.03, 0.029, 0.0033, 0.017, 0.0063, 0.03, 0.0039, 0.0045, 0.0006, 0.0006, 0.01, 0.03, 0.0015, 0.021, 0.015, 0.0008, 0.014, 0.017, 0.0024, 0.49, 0.027, 0.011, 0.067, 0.02, 0.003, 0.099, 0.0024, 0.00033, 0.0012, 0.0009, 0.0009, 0.0009, 0.0012, 0.0012, 0.003, 0.0033, 0.0015, 0.0027, 0.0024, 0.0036, 0.0048, 0.0021, 0.0036, 0.0021, 0.0066, 0.00033, 0.003, 0.0012, 0.055, 0.0012, 0.0015, 0.0036, 0.0009, 0.0006, 0.0024, 0.0012, 0.0024, 0.0012, 0.0006, 0.0015, 0.044, 0.016, 0.001, 0.0012, 0.022, 0.01, 0.01, 0.0027, 0.024, 0.46, 0.0033, 0.015, 0.003, 0.00015, 0.0006, 0.01, 0.059, 0.0015, 0.021, 0.0015, 0.0078, 0.054, 0.0015, 0.008, 0.0054, 0.003, 0.051, 0.0036, 0.0018, 0.041, 0.0036, 0.0028, 0.015, 0.014, 0.0009, 0.00045, 0.0018, 0.0033, 0.00036, 0.00039, 0.00036, 0.00018, 0.00075, 0.00015, 0.00012, 0.00021, 0.00015], "halfLife": ["22.00 m", "22.00 m"]}