{"keV": [10.0, 11.7, 14.4, 31.98, 69.5, 70.9, 81.069, 83.787, 94.247, 94.868, 97.53, 102.2, 103.2, 104.23, 106.78, 108.5, 110.856, 114.7, 122.319, 131.6, 138.3, 144.235, 147.2, 154.208, 158.635, 165.8, 175.65, 177.3, 179.54, 199.3, 221.32, 247.2, 249.3, 251.6, 255.2, 255.7, 260.4, 269.463, 270.3, 286.0, 288.18, 323.871, 328.38, 334.01, 338.282, 342.87, 355.5, 355.7, 362.052, 362.9, 368.56, 371.676, 372.9, 376.1, 382.8, 387.7, 390.1, 430.6, 432.12, 445.033, 487.5, 500.0, 510.0, 527.611, 537.6, 542.0, 545.8, 574.1, 579.6, 584.3, 594.0, 598.721, 609.31, 619.1, 623.5, 631.7, 641.7, 646.1, 696.9, 711.3, 718.4, 728.4, 732.8], "intensity": [0.0139, 22.9, 0.0167, 9.7e-05, 0.007, 0.0035, 15.0, 24.7, 2.98, 5.69, 2.14, 0.0008, 0.006, 0.019, 0.0236, 0.006, 0.058, 0.01, 1.209, 0.006, 0.0017, 3.27, 0.006, 5.7, 0.695, 0.006, 0.019, 0.047, 0.153, 0.0028, 0.036, 0.01, 0.039, 0.042, 0.053, 0.006, 0.007, 13.9, 0.0007, 0.0011, 0.16, 3.99, 0.209, 0.101, 2.84, 0.222, 0.0042, 0.0028, 0.046, 0.015, 0.008, 0.487, 0.05, 0.013, 0.014, 0.015, 0.007, 0.019, 0.035, 1.29, 0.0111, 0.0014, 0.0004, 0.071, 0.00209, 0.0014, 0.0011, 0.0011, 0.0014, 0.0014, 0.0014, 0.095, 0.057, 0.0035, 0.008, 0.0004, 0.0017, 0.0004, 0.0007, 0.0036, 0.0014, 0.00028, 0.00028], "halfLife": ["11.43 d"]}