{"keV": [2.29, 17.374, 17.479, 19.59, 19.607, 19.965, 549.25, 657.94, 719.53, 857.46, 909.55, 1024.4, 1117.02, 1268.62, 1515.66, 1629.09], "intensity": [0.00765, 0.0394, 0.0749, 0.006, 0.0116, 0.00255, 0.049, 98.23, 0.09, 0.045, 0.04, 1.09, 0.085, 0.147, 0.122, 0.025], "halfLife": ["72.1 m"]}