{"keV": [5.64, 39.522, 40.118, 45.293, 45.414, 46.578, 76.073, 121.22, 165.558, 197.299, 244.832, 254.09, 255.64, 263.95, 267.74, 273.14, 278.352, 286.282, 295.4, 328.828, 368.36, 380.83, 385.69, 389.9, 420.69, 421.064, 428.24, 471.6, 494.419, 505.121, 511.0, 518.96, 537.22, 601.45, 654.55, 677.516, 688.15, 716.45, 732.33, 749.895, 798.729, 809.38, 846.242, 856.929, 879.761, 922.36, 933.005, 942.177, 955.832, 982.97, 985.34, 1022.47, 1054.35, 1059.041, 1063.38, 1077.043, 1106.863, 1120.387, 1152.33, 1172.63, 1180.231, 1196.858, 1251.841, 1255.93, 1274.592, 1317.853, 1327.98, 1331.997, 1350.198, 1427.408, 1449.106, 1453.24, 1471.9, 1479.71, 1520.58, 1548.5, 1601.0, 1641.98], "intensity": [17.3, 28.3, 50.9, 5.06, 9.8, 3.23, 0.84, 21.2, 0.0102, 24.4, 0.022, 0.0088, 0.0019, 0.00093, 0.0106, 0.002, 0.0476, 0.0123, 0.003, 0.0339, 0.0695, 0.0083, 0.0023, 0.0037, 0.011, 0.02, 0.0031, 0.0517, 0.0366, 0.086, 0.85, 0.0166, 0.0022, 5.42, 0.0039, 9.0, 0.0095, 0.0071, 0.0071, 0.239, 4.47, 0.0381, 0.0637, 2.49, 0.181, 0.0024, 3.17, 0.17, 3.54, 0.0082, 0.0036, 0.0084, 0.002, 0.0671, 0.144, 5.69, 0.0288, 0.169, 0.0078, 0.0037, 0.167, 0.239, 0.071, 0.84, 0.0454, 0.132, 0.0122, 0.303, 0.128, 0.108, 0.2, 0.0234, 0.00268, 0.00393, 0.00039, 0.00041, 0.0075, 0.00122], "halfLife": ["24.1 d", "24.1 d"]}