{"keV": [5.64, 39.522, 40.118, 45.293, 45.414, 46.578, 76.073, 121.22, 197.299], "intensity": [0.000379, 0.000612, 0.001102, 0.0001097, 0.000212, 7.01e-05, 1.17e-08, 0.00285, 3.4e-07], "halfLife": ["2.6234 y"]}