{"keV": [2.955, 2.957, 3.19, 3.19, 511.0, 1970.4, 2170.29, 2207.8, 2433.43, 2470.5, 2699.3, 2897.0, 4178.5, 4440.8, 4641.0, 4759.6, 4896.3, 4950.0, 4977.2, 5169.5, 5206.5, 5367.5, 5738.2, 6585.1, 6612.1, 6730.5, 7177.6, 7531.6, 7708.2, 7970.5, 8132.6, 9218.4], "intensity": [0.00157, 0.0032, 0.00025, 0.000131, 201.0, 81.8, 3.0, 30.0, 32.0, 4.8, 0.39, 0.99, 2.04, 8.0, 0.72, 0.45, 0.34, 0.16, 0.14, 0.3, 0.32, 0.55, 0.36, 0.16, 6.6, 0.45, 0.38, 0.13, 0.17, 0.127, 0.053, 0.049], "halfLife": ["342 ms"]}