{"keV": [8.91, 61.486, 63.0, 71.079, 71.414, 73.363, 110.33, 201.3112, 205.7943, 283.2668, 329.09, 374.4852, 420.51, 484.5751, 489.06, 703.78, 9.44, 65.122, 66.831, 75.368, 75.749, 77.831, 136.39, 176.98, 280.27, 295.9565, 308.45507, 316.50618, 416.4688, 468.06885, 485.45, 588.581, 593.63, 599.41, 604.41105, 612.46215, 765.8, 884.5365, 1061.49, 1089.96, 1378.5], "intensity": [1.5, 1.19, 2.02, 0.238, 0.46, 0.161, 0.0127, 0.471, 3.31, 0.266, 0.0173, 0.727, 0.069, 3.19, 0.438, 0.0053, 3.92, 2.62, 4.44, 0.531, 1.021, 0.364, 0.199, 0.0043, 0.008, 28.71, 29.7, 82.86, 0.67, 47.84, 0.0047, 4.522, 0.042, 0.0039, 8.216, 5.34, 0.0013, 0.292, 0.0531, 0.00116, 0.0014], "halfLife": ["73.829 d", "73.829 d"]}