{"keV": [0.85, 7.461, 7.478, 8.265, 8.265, 511.0, 768.5, 1112.6, 2443.1, 2461.6, 2577.5, 3007.0, 3230.1], "intensity": [0.00137, 0.0133, 0.0261, 0.00314, 0.00161, 199.8, 0.94, 8.6, 0.17, 0.02, 0.015, 0.35, 0.01], "halfLife": ["196.3 ms"]}