{"keV": [3.13, 22.984, 23.174, 26.06, 26.095, 26.644, 3.44, 25.044, 25.271, 28.444, 28.486, 29.111, 463.3, 818.7, 932.1, 1252.6, 1293.4, 1356.4, 1497.1, 2112.3, 2225.5, 2649.8], "intensity": [0.0014, 0.0048, 0.009, 0.00078, 0.0015, 0.00039, 6.2e-05, 0.00022, 0.000407, 3.7e-05, 7.12e-05, 1.95e-05, 0.25, 0.0143, 0.013, 0.031, 1.3, 0.0104, 0.0156, 0.0208, 0.0056, 0.00117], "halfLife": ["14.10 s", "14.10 s"]}