{"keV": [1.59, 12.598, 12.651, 14.104, 14.111, 14.311, 53.0, 456.0, 511.0, 695.0, 748.0, 1198.0, 1204.0, 1233.0, 1286.0, 4244.0], "intensity": [0.00542, 0.0387, 0.075, 0.00538, 0.0104, 0.00138, 0.0029, 0.25, 199.31, 0.008, 0.019, 0.052, 0.026, 0.029, 0.009, 0.012], "halfLife": ["64.776 ms"]}