{"keV": [2.29, 17.374, 17.479, 19.59, 19.607, 19.965, 120.3, 219.4, 241.6, 314.27, 316.5, 349.9, 350.1, 352.5, 371.8, 434.71, 460.04, 481.0, 535.78, 568.88, 591.3, 719.5, 721.5, 778.22, 812.54, 847.7, 849.86, 885.4, 1091.3, 1126.85, 1200.17, 1441.14, 1497.72, 1625.7], "intensity": [3.8, 19.3, 36.6, 2.93, 5.7, 1.25, 0.04, 0.04, 0.04, 2.43, 1.4, 0.07, 0.02, 0.02, 0.07, 0.75, 0.43, 0.08, 0.41, 0.92, 0.11, 0.2, 0.12, 99.76, 82.0, 0.0189544, 98.0, 0.1, 1.1, 15.2, 0.37, 0.054, 0.093, 0.0009976], "halfLife": ["4.28 d"]}