{"keV": [3.94, 27.81, 28.317, 28.612, 32.239, 32.295, 33.047, 208.96, 210.66, 242.2, 250.62, 270.37, 278.43, 281.26, 281.38, 281.7, 342.54, 342.88, 382.08, 415.88, 459.6, 462.04, 487.39, 491.93, 531.83, 551.5, 551.98, 560.05, 624.34, 701.1, 701.76, 722.5, 729.57, 732.62, 740.96, 768.77, 769.01, 773.54, 802.1, 804.6, 817.0, 829.93, 833.28, 918.29, 931.57, 982.27, 1013.57, 1019.43, 1022.43, 1050.21, 1083.85, 1111.64, 1168.8, 1181.96, 1232.82, 1260.63, 1264.16, 1291.5], "intensity": [6.1, 16.3, 0.0419, 0.077, 0.0072, 0.0139, 0.00411, 0.18, 0.0013, 1.5e-06, 0.38, 0.0046, 0.57, 0.165, 8e-05, 0.0015, 0.0085, 0.049, 0.00062, 0.00062, 7.7, 0.00012, 1.42, 0.00116, 0.088, 0.0035, 0.00139, 0.0061, 0.097, 0.0013, 4.6e-05, 0.00012, 0.0012, 0.00131, 0.037, 0.0042, 0.00072, 0.00023, 0.192, 0.022, 3e-05, 0.0064, 0.045, 0.00062, 0.00021, 0.016, 0.0013, 0.0022, 0.00069, 0.00069, 0.49, 0.191, 2.3e-05, 0.00012, 0.0075, 0.0112, 0.0082, 0.00028], "halfLife": ["69.6 m"]}