{"keV": [3.13, 22.984, 23.174, 26.06, 26.095, 26.644, 255.4, 295.3, 295.42, 310.4, 548.4, 603.03, 657.5, 815.5, 818.2, 1074.0, 1125.8, 1186.3, 1421.4, 1475.8, 1629.9, 1674.3, 1783.6, 2004.4, 2.84, 21.02, 21.177, 23.791, 23.819, 24.299, 373.8], "intensity": [0.000857, 0.00308, 0.00579, 0.000501, 0.00097, 0.000249, 0.0001, 0.0076, 8.5e-05, 4.5e-05, 0.0017, 0.00035, 4.5, 0.0382, 0.009, 0.0009, 0.0153, 0.0027, 0.0022, 0.0049, 0.0022, 0.0072, 0.0051, 0.0036, 0.016, 0.064, 0.12, 0.0102, 0.02, 0.0048, 3e-05], "halfLife": ["24.56 s", "24.56 s"]}