{"keV": [3.13, 22.984, 23.174, 26.06, 26.095, 26.644, 120.154, 229.42, 266.914, 295.42, 310.4, 341.3, 365.448, 387.075, 396.894, 409.6, 446.812, 460.85, 461.1, 461.8, 467.01, 511.0, 560.32, 581.93, 584.21, 603.03, 620.3553, 626.24, 641.68, 648.58, 657.75, 677.6, 687.0091, 706.67, 707.4, 708.12, 744.26, 759.87, 763.93, 774.71, 795.42, 818.016, 844.667, 871.08, 884.667, 901.53, 937.478, 997.16, 1018.87, 1019.48, 1045.24, 1085.52, 1117.36, 1125.67, 1305.11, 1334.14, 1384.39, 1421.04, 1475.76, 1505.0, 1521.66, 1562.26, 1579.07, 1592.69, 1629.65, 1697.77, 1783.5, 1903.36, 1982.77], "intensity": [5.73, 20.5, 38.5, 3.33, 6.4, 1.65, 1.41, 0.0205, 0.000299, 0.0174, 0.0006, 0.041, 0.00069, 0.000374, 0.26, 0.439, 0.0276, 0.421, 2.26, 4.72, 0.181, 0.016, 1.87, 8.6, 6.49, 0.071, 0.052, 1.47, 26.0, 0.39, 98.0, 4.5, 0.125, 0.1278, 29.5, 1.64, 1.97, 3.15, 0.167, 0.041, 0.32, 2.26, 3.24, 0.31, 93.0, 1.97, 68.4, 10.5, 0.295, 0.688, 0.81, 1.37, 4.23, 0.2, 0.34, 0.98, 0.187, 0.46, 1.25, 0.26, 0.17, 0.5, 0.26, 0.15, 0.462, 0.256, 0.07, 0.29, 0.383], "halfLife": ["4.92 h"]}