{"keV": [12.3, 74.4, 84.373, 85.431, 88.471, 99.432, 100.13, 102.498, 131.613, 142.0, 166.41, 182.2, 205.93, 215.983, 228.5, 700.5, 742.2, 832.0, 908.1, 992.9], "intensity": [8.4, 0.00039, 1.19, 0.0178, 0.029, 0.00355, 0.00679, 0.00256, 0.127, 1.3e-06, 0.101, 5.1e-06, 0.0191, 0.247, 1.8e-05, 3e-06, 1.4e-06, 1.43e-05, 1.66e-06, 1.43e-06], "halfLife": ["1.9125 y"]}