{"keV": [0.85, 7.461, 7.478, 8.265, 8.265, 347.14, 826.1, 1173.228, 1332.492, 2158.57, 2505.692], "intensity": [0.000329, 0.00322, 0.0063, 0.00076, 0.000391, 0.0075, 0.0076, 99.85, 99.9826, 0.0012, 2e-06], "halfLife": ["1925.28 d"]}