{"keV": [9.44, 65.122, 66.831, 75.368, 75.749, 77.831, 111.4, 202.91, 244.83, 293.541, 300.741, 328.448, 364.867, 482.86, 530.17, 589.179, 594.291, 607.61, 621.29, 621.971, 645.146, 699.5, 700.55, 810.66, 857.12, 859.45, 889.98, 925.26, 938.69, 1000.12, 1048.64, 1104.05, 1150.75, 1156.6, 1175.38, 1183.49, 1186.4, 1218.78, 1293.67, 1308.15, 1342.16, 1421.5, 1431.4, 1432.52, 1441.78, 1450.23, 1463.5, 1468.91, 1487.05, 1492.18, 1511.98, 1512.15, 1518.76, 1565.15, 1595.77, 1601.9, 1622.2, 1670.72, 1715.28, 1724.54, 1735.37, 1757.27, 1780.69, 1785.69, 1797.48, 1805.75, 1812.59, 1829.59, 1924.42, 2043.72, 2114.2], "intensity": [0.37, 0.247, 0.42, 0.05, 0.096, 0.034, 0.0017, 0.003, 0.0077, 2.5, 0.35, 13.1, 0.041, 0.046, 0.0159, 0.14, 0.062, 0.0039, 0.0096, 0.33, 1.18, 0.0025, 0.026, 0.0025, 0.0071, 0.0017, 0.051, 0.0126, 0.6, 0.047, 0.026, 0.026, 0.6, 0.0018, 0.061, 0.31, 0.0084, 0.056, 0.046, 0.0013, 0.038, 0.00063, 0.0022, 0.0011, 0.0015, 0.0016, 0.0059, 0.19, 0.017, 0.0015, 0.024, 0.013, 0.0017, 0.021, 0.0016, 0.002, 0.064, 0.0058, 0.00131, 0.00076, 0.0025, 0.00042, 0.0052, 0.004, 0.0176, 0.032, 0.00045, 0.0019, 0.0018, 0.0071, 0.0026], "halfLife": ["19.28 h"]}