{"keV": [10.8, 74.815, 77.107, 86.83, 87.349, 89.784, 257.9, 335.33, 593.1, 758.9], "intensity": [0.005, 0.00345, 0.0058, 0.0007, 0.00133, 0.000489, 0.0287, 0.0062, 0.0115, 0.0049], "halfLife": ["32.3 ms"]}