{"keV": [0.34, 3.688, 3.692, 4.013, 4.013, 452.0, 648.4, 671.26, 675.17, 715.61, 755.0, 757.0, 780.15, 793.11, 862.68, 866.59, 1315.64, 1525.47, 1537.84, 1932.0, 2031.23, 2073.32, 2178.3, 2283.15, 2388.13, 2689.0, 2788.9, 2894.0, 3063.27, 3569.0, 3831.56, 4247.0, 4506.67, 4554.2, 4635.0, 4699.0, 6613.7, 7300.9, 7400.0, 8390.0, 8466.0, 8530.0, 8966.0, 9300.0], "intensity": [0.00011, 0.00187, 0.00373, 0.000388, 0.000197, 0.1, 0.0234, 3.5, 16.8, 1.3, 0.14, 0.94, 31.0, 3.28, 4.3, 3.4, 12.7, 3.9, 14.7, 0.012, 2.9, 1.9, 2.3, 2.5, 10.7, 0.012, 16.1, 0.85, 3.7, 1.06, 78.0, 0.1092, 3.7, 0.037, 1.29, 0.281, 13.3, 2.4, 0.211, 0.382, 0.203, 0.172, 0.1092, 0.46], "halfLife": ["6.8 s"]}