{"keV": [0.45, 4.505, 4.511, 4.932, 4.932, 175.361, 983.526, 1037.522, 1212.88, 1312.12], "intensity": [0.0002, 0.0037, 0.0074, 0.00082, 0.000416, 7.48, 100.1, 97.6, 2.38, 100.1], "halfLife": ["43.67 h"]}