{"keV": [3.13, 22.984, 23.174, 26.06, 26.095, 26.644, 96.75, 245.4, 278.3, 342.13, 374.6, 509.4, 522.4, 524.3, 619.3, 620.3, 622.0, 754.6, 865.1, 867.0], "intensity": [0.0155, 0.0553, 0.104, 0.009, 0.0174, 0.00447, 0.116, 1.24, 0.00053, 6.7, 0.00314, 0.00134, 0.00094, 0.00207, 0.0005, 0.011, 0.006, 0.00267, 0.0015, 0.0036], "halfLife": ["7.45 d"]}