{"keV": [1.1, 9.225, 9.252, 10.26, 10.264, 10.366, 218.1, 278.4, 415.2, 495.6, 693.1, 910.5, 1197.3, 1428.3, 1474.3, 1612.9, 1692.5, 1924.7, 2109.0, 2772.0, 2989.0], "intensity": [0.00084, 0.0074, 0.0145, 0.00093, 0.0018, 1.53e-05, 6.0, 0.096, 0.102, 1.48, 0.38, 1.91, 0.77, 0.09, 0.13, 0.92, 0.22, 0.56, 0.73, 0.102, 0.126], "halfLife": ["23.5 s"]}