{"keV": [13.0, 53.22, 89.957, 93.35, 104.819, 105.604, 108.582, 120.9, 126.7, 169.39, 170.53, 175.84, 183.9, 228.23, 253.55, 274.38, 294.23, 297.86, 302.16, 316.99, 332.07, 346.39, 374.67, 374.67, 380.12, 397.62, 399.95, 401.62, 440.78, 443.74, 450.22, 454.92, 463.59, 503.55, 503.55, 508.15, 518.54, 556.06, 571.08, 581.65, 607.41, 619.66, 624.33, 651.61, 677.53, 728.13, 772.41, 781.39, 835.59, 838.45, 878.02, 898.66, 918.5, 951.88, 953.66, 956.38, 959.28, 999.16, 1009.59, 1025.96, 1074.52, 13.6, 51.75, 94.654, 98.434, 110.421, 111.298, 114.445, 117.8, 265.85, 314.92, 366.65, 383.46], "intensity": [55.0, 0.244, 18.4, 29.8, 3.7, 7.0, 2.69, 0.358, 0.0009, 0.0009, 0.003, 0.0052, 0.0029, 0.0064, 0.0197, 0.073, 0.056, 0.087, 0.0116, 0.168, 0.0465, 0.0128, 0.0488, 0.0488, 0.331, 1.88, 0.65, 0.017, 0.099, 5.8, 0.0116, 6.8, 0.86, 0.055, 0.009, 4.1, 2.17, 0.203, 1.1, 0.122, 0.0552, 0.18, 0.056, 0.024, 0.064, 2.03, 0.087, 1.53, 0.058, 0.035, 0.0093, 5.8, 8.3, 29.6, 0.17, 1.57, 0.49, 0.0163, 1.07, 1.45, 0.76, 2.8, 0.025, 0.00144, 0.0023, 0.000288, 0.00055, 0.000212, 0.0017, 0.0122, 0.083, 0.067, 0.033], "halfLife": ["17.4 d", "17.4 d", "17.4 d"]}