{"keV": [12.3, 67.672, 85.431, 88.471, 99.432, 100.13, 102.498, 110.0, 124.8, 143.872, 186.053, 205.1, 235.0, 253.729, 253.8, 551.8, 570.5, 620.0], "intensity": [7.7, 0.38, 0.0042, 0.0068, 0.00083, 0.00159, 0.0006, 6e-05, 2.8e-07, 0.049, 0.0088, 5.2e-06, 8.4e-06, 0.0111, 0.00085, 5.5e-07, 3.3e-06, 8e-07], "halfLife": ["7.538\u00d710+4 y"]}