{"keV": [13.0, 72.2, 81.0, 89.957, 93.35, 104.819, 105.604, 108.582, 154.23, 158.18, 221.0, 223.9, 230.37, 235.3, 539.0, 574.8, 617.0], "intensity": [11.2, 0.6, 0.00048, 0.0128, 0.0207, 0.00256, 0.00489, 0.00187, 0.125, 0.07, 5e-05, 0.00024, 0.122, 0.0117, 3.5e-05, 0.0003, 4e-05], "halfLife": ["20.8 d"]}