{"keV": [977.02, 1011.75, 1157.52, 1416.28, 1748.77, 1884.77, 1988.7, 2001.86, 2030.53, 2247.44, 2725.66, 3013.47, 3042.13, 3300.85, 3779.04, 5269.161, 5297.817, 6322.35, 7298.92, 8310.15, 8568.77, 9046.78], "intensity": [1.2e-05, 0.0018, 0.0005, 0.00047, 0.00041, 0.001, 0.0018, 1.9e-05, 5.8e-05, 0.00018, 0.0015, 0.0041, 0.0007, 0.0084, 0.0012, 0.0037, 63.2, 0.0055, 0.0095, 0.032, 0.0043, 0.031], "halfLife": ["2.449 s"]}