{"keV": [0.392, 0.392, 511.0], "intensity": [0.00033, 0.00016, 199.8006], "halfLife": ["122.24 s"]}