{"keV": [10.6, 72.805, 74.969, 84.45, 84.938, 87.3, 328.1, 569.698, 897.77], "intensity": [0.00203, 0.00151, 0.00253, 0.000305, 0.000585, 0.000214, 0.00142, 0.00185, 0.263], "halfLife": ["4.77 m"]}