{"keV": [1.81, 14.098, 14.165, 15.825, 15.836, 16.085, 386.1, 393.5, 569.8, 703.6, 756.0, 814.98, 963.5, 1071.4, 1238.9, 1273.4, 1325.8, 1384.6, 1399.0, 1464.7, 1712.3, 1778.3, 1816.7, 1895.1, 1968.6, 2006.5, 2232.0, 2820.6, 2860.3, 2913.2, 3110.0, 3502.0, 3670.8, 3823.6, 4240.4, 4508.2, 4637.7, 4809.3, 4835.9, 4922.6, 5086.2, 5188.1, 5215.1, 5301.7, 5584.2, 5739.4, 5900.6, 6004.1, 6030.0, 6114.8], "intensity": [0.000149, 0.00095, 0.00184, 0.000137, 0.000265, 4.7e-05, 0.024, 0.122, 0.54, 0.045, 0.109, 3.2, 0.147, 0.0128, 0.035, 0.096, 0.134, 0.35, 0.051, 0.038, 0.42, 0.035, 0.058, 0.054, 0.067, 0.07, 0.077, 0.6, 0.03, 0.07, 0.1, 0.035, 0.042, 0.035, 0.032, 0.061, 0.21, 0.1, 0.1, 0.106, 0.08, 0.24, 0.11, 0.08, 0.16, 0.07, 0.09, 0.058, 0.077, 0.08], "halfLife": ["4.48 s"]}