{"keV": [2.04, 15.691, 15.775, 17.653, 17.667, 17.969, 448.5, 492.6, 561.1, 844.3, 912.8, 934.47, 972.3, 1132.4, 1405.4, 1847.3, 1885.1, 1988.6, 2067.0, 2105.6, 2339.9, 2437.0, 2473.4, 2819.8, 3263.9, 3371.2], "intensity": [0.00152, 0.009, 0.0172, 0.00133, 0.00259, 0.00053, 2.3, 0.49, 2.4, 1.25, 0.63, 13.9, 0.068, 0.24, 4.8, 0.36, 0.028, 0.0061, 0.0007, 0.019, 0.014, 0.0031, 0.003, 0.0042, 0.0011, 0.0031], "halfLife": ["3.54 h"]}