{"keV": [2.04, 15.691, 15.775, 17.653, 17.667, 17.969, 308.2, 381.6, 550.9, 588.0, 694.7, 752.6, 887.5, 918.74, 1001.8, 1066.5, 1138.9, 1161.8, 1232.6, 1236.6, 1303.8, 1411.9, 1447.4, 1671.4, 1891.6, 1904.6, 1927.5, 1989.3, 2140.6, 2255.3, 2300.5, 2442.1, 2492.0, 2527.3, 2566.2, 2662.4, 2805.9, 2846.3, 2898.7, 2908.4, 2966.6, 2998.4, 3318.7, 3718.8, 3750.9, 4002.1, 4052.3, 4098.4], "intensity": [0.00253, 0.0154, 0.0294, 0.00228, 0.00442, 0.0009, 0.056, 2.02, 4.9, 0.17, 0.19, 1.4, 0.078, 56.0, 0.062, 0.062, 6.0, 0.69, 0.33, 0.13, 0.045, 0.078, 0.25, 2.5, 0.39, 0.034, 0.039, 0.039, 0.95, 0.034, 0.18, 0.14, 0.21, 0.2, 0.062, 0.028, 0.034, 0.37, 0.101, 0.045, 0.011, 0.017, 0.05, 0.008, 0.011, 0.011, 0.006, 0.022], "halfLife": ["18.7 m"]}