{"keV": [2.29, 17.374, 17.479, 19.59, 19.607, 19.965, 2.56, 19.15, 19.279, 21.634, 21.657, 22.074, 378.7, 499.8, 539.52, 590.77, 689.2, 734.8, 736.9, 822.6, 1024.9, 1201.5, 1325.8, 1362.2, 1512.1, 1558.9, 1701.0, 1847.6, 1864.9, 2121.2, 2298.4, 2659.5], "intensity": [7e-05, 0.00034, 0.0006, 5e-05, 0.0001, 2.2e-05, 0.00207, 0.0094, 0.0179, 0.00147, 0.00284, 0.000667, 0.0304, 0.00066, 6.6, 5.37, 0.0389, 0.0112, 0.00132, 0.0693, 0.0356, 0.0356, 0.01, 0.066, 0.32, 0.0073, 0.0013, 0.027, 0.0092, 0.0033, 0.006, 0.0013], "halfLife": ["15.46 s", "15.46 s"]}