{"keV": [0.183, 0.183, 511.0], "intensity": [0.00024, 0.00012, 199.534], "halfLife": ["1221.8 s"]}