{"keV": [2.84, 21.02, 21.177, 23.791, 23.819, 24.299, 428.6, 434.28, 439.23, 511.0, 511.9, 578.4, 616.19, 621.95, 680.2, 715.6, 717.1, 873.46, 1050.31, 1109.0, 1114.5, 1127.98, 1180.7, 1194.5, 1397.6, 1489.6, 1498.8, 1562.2, 1572.3, 1730.0, 1766.0, 1797.0, 1909.5, 1927.5, 1988.6, 2113.8, 2193.4, 2242.7, 2309.3, 2316.6, 2365.9, 2438.6, 2704.9], "intensity": [2.09, 8.5, 15.9, 1.35, 2.6, 0.633, 0.0077, 0.0022, 0.0057, 118.0, 17.0, 0.0065, 0.142, 0.32, 0.0032, 0.00072, 0.00117, 0.199, 0.167, 0.0042, 0.0062, 0.072, 0.0055, 0.04, 0.003, 0.0015, 0.0007, 0.0172, 9e-05, 0.00125, 0.0025, 0.0082, 0.0012, 0.00085, 0.0003, 0.00045, 0.0025, 0.0008, 0.0007, 0.00025, 0.00035, 0.00047, 0.00085], "halfLife": ["23.96 m", "23.96 m"]}