{"keV": [2.84, 21.02, 21.177, 23.791, 23.819, 24.299, 428.4, 434.25, 439.17, 511.8605, 578.3, 616.22, 621.93, 680.25, 684.8, 702.8, 715.9, 717.4, 751.3, 873.49, 942.6, 1045.6, 1050.41, 1062.14, 1108.7, 1114.48, 1128.07, 1150.2, 1159.9, 1180.73, 1194.54, 1209.8, 1258.8, 1266.0, 1305.2, 1315.7, 1355.7, 1360.2, 1372.3, 1397.6, 1489.6, 1496.33, 1498.8, 1562.25, 1572.4, 1577.2, 1687.4, 1693.2, 1730.5, 1766.25, 1774.5, 1784.1, 1796.94, 1855.0, 1909.3, 1927.22, 1954.6, 1973.5, 1988.44, 2093.3, 2112.54, 2185.7, 2193.2, 2242.4, 2271.9, 2309.0, 2316.4, 2366.04, 2390.6, 2405.96, 2439.1, 2456.8, 2484.6, 2525.2, 2542.7, 2571.1, 2651.4, 2705.3, 2709.5, 2740.1, 2787.3, 2809.0, 2821.1, 2865.0, 2902.5, 2917.9, 3037.3, 3055.0, 3164.7, 3249.8, 3273.4, 3375.9, 3401.8], "intensity": [0.003, 0.0127, 0.024, 0.00202, 0.0039, 0.00095, 0.071, 0.0202, 0.0126, 20.4, 0.0084, 0.75, 9.93, 0.011, 0.00551, 0.00029, 0.01, 0.0065, 0.00108, 0.439, 0.00057, 0.0133, 1.56, 0.032, 0.00592, 0.0118, 0.404, 0.00306, 0.00016, 0.0145, 0.0573, 0.00045, 0.00057, 0.00104, 0.00133, 0.00347, 0.00063, 0.00222, 0.00206, 0.00265, 0.0012, 0.0222, 0.0067, 0.163, 0.000184, 0.00106, 0.00055, 0.00065, 0.00222, 0.0343, 0.00126, 0.00043, 0.0277, 0.00124, 0.00143, 0.0153, 0.00018, 0.00018, 0.0261, 0.00037, 0.0345, 0.00024, 0.0049, 0.00206, 0.00137, 0.00563, 0.00636, 0.0233, 0.00651, 0.0145, 0.00459, 0.00029, 0.0009, 0.0002, 0.00296, 0.00145, 0.00065, 0.00251, 0.00373, 0.00024, 8e-05, 0.00069, 0.0012, 1.4e-05, 6.5e-05, 0.00092, 0.00102, 0.00035, 2.9e-05, 0.0001, 5.1e-05, 1.12e-05, 1.24e-05], "halfLife": ["30.07 s"]}