{"keV": [3.311, 3.314, 3.59, 3.59, 511.0, 2522.25], "intensity": [0.003, 0.0059, 0.00055, 0.00028, 199.853, 0.0025], "halfLife": ["859.6 ms"]}