{"keV": [6.06, 42.309, 42.996, 48.551, 48.695, 49.959, 172.1, 174.8, 192.6, 195.22, 209.3, 209.41, 271.08, 287.1, 315.1, 324.83, 324.914, 328.764, 344.2785, 351.66, 354.16, 367.7891, 387.9, 411.1165, 440.86, 482.4, 493.78, 496.4, 503.467, 520.24, 526.88, 534.25, 557.8, 563.1, 586.2648, 675.0, 678.623, 703.01, 703.55, 712.83, 764.88, 778.9045, 794.78, 850.1, 930.59, 937.05, 970.22, 974.09, 990.18, 1089.737, 1109.18, 1206.09, 1261.35, 1299.142, 1314.6, 1318.38, 1348.1, 1605.62, 5.64, 39.522, 40.118, 45.293, 45.414, 46.578, 118.97, 121.7817, 125.68, 137.56, 148.0, 150.13, 207.03, 207.64, 209.97, 210.95, 212.43, 237.1, 239.33, 241.0, 244.6974, 251.633, 269.84, 272.41, 275.42, 285.98, 286.5, 295.9387, 316.13, 320.1, 329.41, 330.58, 340.46, 345.54, 348.752, 357.26, 358.48, 378.15, 385.61, 391.19, 397.75, 401.29, 416.02, 423.45, 443.9606, 444.01, 464.28, 476.42, 482.33, 488.6792, 493.54, 496.56, 511.0, 514.78, 523.13, 527.1, 535.44, 538.29, 556.48, 561.26, 562.98, 563.986, 566.438, 571.83, 588.6, 589.83, 608.06, 609.23, 616.05, 644.39, 656.489, 664.77, 671.155, 674.64, 683.25, 686.6, 688.67, 707.16, 719.346, 719.36, 728.04, 734.14, 735.43, 756.16, 766.38, 768.96, 802.0, 805.71, 810.451, 813.21, 839.36, 841.574, 855.21, 867.38, 901.19, 906.06, 919.337, 919.74, 926.31, 947.15, 958.63, 961.08, 963.367, 964.057, 968.65, 1005.27, 1050.1, 1084.38, 1085.837, 1112.076, 1170.97, 1212.948, 1246.34, 1249.94, 1292.78, 1315.58, 1363.78, 1390.5, 1408.013, 1455.1, 1457.643, 1491.4, 1528.1, 1608.36, 1635.38, 1647.44, 1769.09], "intensity": [0.174, 0.248, 0.443, 0.0448, 0.0867, 0.029, 0.00043, 0.00138, 0.00681, 0.00205, 0.00017, 0.0012, 0.0715, 0.00081, 0.0399, 0.0681, 0.00497, 0.00346, 26.59, 0.0106, 0.00096, 0.859, 0.0029, 2.237, 0.0062, 0.00234, 0.0098, 0.00588, 0.1524, 0.0534, 0.012, 0.041, 0.0029, 0.0003, 0.455, 0.0213, 0.473, 0.0039, 0.0027, 0.0955, 0.189, 12.93, 0.0263, 0.00077, 0.0729, 0.0027, 0.0012, 0.0136, 0.0314, 1.734, 0.189, 0.013, 0.0335, 1.633, 0.0019, 0.00157, 0.0173, 0.0079, 14.0, 21.0, 37.7, 3.75, 7.26, 2.4, 0.00053, 28.53, 0.00513, 0.00074, 0.0205, 0.0009, 0.00114, 0.0073, 0.0043, 0.0038, 0.0207, 0.00633, 0.003, 0.00019, 7.55, 0.067, 0.0078, 0.00064, 0.0346, 0.0098, 0.0014, 0.44, 0.0101, 0.00205, 0.1213, 0.0093, 0.0266, 0.0098, 0.0017, 0.0061, 0.00165, 0.00024, 0.00556, 0.00141, 0.00037, 0.00064, 0.1088, 0.00298, 2.827, 0.298, 0.00045, 0.0017, 0.0247, 0.414, 0.0303, 0.0058, 0.051, 0.00043, 0.0153, 9e-05, 0.00173, 0.0043, 0.0177, 0.00141, 0.0202, 0.494, 0.131, 0.00444, 0.0024, 0.0013, 0.00027, 0.00122, 0.0092, 0.0066, 0.1441, 0.0099, 0.024, 0.169, 0.0047, 0.0203, 0.856, 0.00142, 0.25, 0.095, 0.0111, 0.0009, 0.00441, 0.0044, 0.00069, 0.082, 0.00041, 0.0152, 0.317, 0.0043, 0.0177, 0.168, 0.00197, 4.23, 0.0854, 0.0092, 0.419, 0.0065, 0.272, 0.00109, 0.0197, 0.008, 0.14, 14.51, 0.00792, 0.659, 0.0007, 0.0106, 10.11, 13.67, 0.0372, 1.415, 0.00093, 0.187, 0.101, 0.00364, 0.0258, 0.00425, 20.87, 0.0025, 0.497, 0.0006, 0.279, 0.0054, 0.00016, 0.0073, 0.00931], "halfLife": ["13.517 y", "13.517 y"]}