{"keV": [1.01, 8.616, 8.639, 9.572, 9.572, 833.0, 1039.2, 1332.5, 1872.2], "intensity": [3.56e-05, 0.00033, 0.000647, 7.8e-05, 4.02e-05, 0.22, 9.23, 0.0037, 0.00023], "halfLife": ["5.120 m"]}