{"keV": [6.5, 45.208, 45.988, 51.947, 52.113, 53.476, 86.7877, 93.919, 176.49, 197.0341, 215.6452, 230.628, 237.64, 239.7, 242.5, 246.489, 297.3, 298.5783, 309.561, 337.32, 349.92, 379.41, 392.514, 432.66, 486.06, 682.31, 707.6, 765.28, 872.03, 879.378, 962.311, 966.166, 1002.88, 1005.0, 1069.09, 1102.6, 1115.12, 1177.954, 1199.89, 1251.27, 1271.873, 1285.58, 1299.3, 1312.14, 1468.6, 1556.6], "intensity": [10.0, 6.07, 10.8, 1.12, 2.17, 0.725, 13.2, 0.0566, 0.0062, 5.18, 4.02, 0.0807, 0.006, 0.0021, 0.0075, 0.0208, 0.009, 26.1, 0.863, 0.339, 0.0144, 0.0141, 1.34, 0.0232, 0.0846, 0.596, 0.01, 2.14, 0.218, 30.1, 9.81, 25.1, 1.038, 0.039, 0.0999, 0.582, 1.57, 14.9, 2.38, 0.106, 7.44, 0.0154, 0.0054, 2.86, 0.00057, 0.00048], "halfLife": ["72.3 d"]}