{"keV": [1.59, 12.598, 12.651, 14.104, 14.111, 14.311, 511.0, 522.8, 696.86, 698.37, 711.2, 776.52, 869.3, 975.2, 992.2, 1021.4, 1044.1, 1081.4, 1086.8, 1123.6, 1168.2, 1180.27, 1181.3, 1395.14, 1474.88, 1607.7, 1673.5, 1698.7, 1703.19, 1711.9, 1785.13, 1879.18, 1956.75, 2167.59, 2241.98, 2410.26, 2479.65, 2578.7, 2655.85, 2788.4, 2940.0, 2944.0, 2966.3, 3059.2, 3104.5, 3355.6, 3457.4, 3815.0, 3836.0, 3881.0, 3911.0, 3956.0], "intensity": [0.11, 0.77, 1.49, 0.107, 0.207, 0.0273, 190.9, 0.0045, 0.077, 0.149, 0.057, 15.08, 0.0014, 0.0084, 0.0018, 0.0015, 0.0009, 0.0003, 0.0014, 0.0008, 0.0014, 0.0166, 0.003, 0.529, 0.089, 0.0023, 0.0071, 0.0015, 0.0505, 0.0017, 0.003, 0.0101, 0.0068, 0.0422, 0.0009, 0.0235, 0.0407, 0.00106, 0.0026, 0.00115, 0.0032, 0.0075, 0.0006, 0.00068, 0.00015, 0.00029, 0.000112, 0.00045, 0.00022, 8.7e-05, 0.000106, 9e-05], "halfLife": ["1.2575 m"]}