{"keV": [2.955, 2.957, 3.19, 3.19, 511.0, 879.0, 1184.84, 1386.25, 1409.78, 1611.24, 2191.5, 2490.0, 2528.0, 2795.97, 3169.65, 3601.6, 3937.7], "intensity": [0.0031, 0.0062, 0.0005, 0.00026, 199.8, 0.0002, 0.0263, 0.0043, 0.0096, 0.0289, 0.0009, 0.0027, 0.00018, 2.04, 0.0027, 0.0215, 0.00097], "halfLife": ["1.225 s"]}