{"keV": [4.47, 31.817, 32.194, 36.304, 36.378, 37.255, 464.466, 567.16, 663.13, 1031.66, 4.11, 29.461, 29.782, 33.562, 33.624, 34.419, 363.34, 505.79, 511.0, 630.19, 667.714, 687.74, 772.6, 1136.0, 1297.91, 1317.918, 1985.625], "intensity": [0.00198, 0.0044, 0.0081, 0.00077, 0.00149, 0.00047, 1.58, 0.223, 0.00293, 0.129, 8.4, 21.1, 38.9, 3.64, 7.04, 2.13, 0.0683, 0.73, 0.814, 0.95, 97.59, 0.0021, 0.072, 0.476, 0.055, 0.586, 0.07], "halfLife": ["6.479 d", "6.480 d"]}