{"keV": [181.8, 198.61, 205.05, 228.56, 241.0, 258.46, 261.66, 280.4, 298.89, 305.4, 313.34, 320.75, 411.1, 463.1, 503.9, 521.1, 13.9, 26.3446, 33.196, 42.704, 43.42, 55.56, 59.5409, 69.76, 75.8, 97.069, 98.97, 101.059, 102.98, 113.303, 114.234, 117.463, 125.3], "intensity": [7.3e-06, 6.7e-05, 2.9e-05, 0.00033, 4.6e-06, 0.000147, 0.000166, 0.00092, 0.00066, 2.7e-05, 0.00025, 0.00055, 1.6e-05, 3.1e-05, 6.3e-05, 7.3e-06, 45.8, 0.221, 0.074, 0.003, 0.0039, 0.0008, 3.28, 0.000157, 0.00031, 12.6, 0.001, 20.1, 0.00105, 2.52, 4.78, 1.86, 0.00016], "halfLife": ["45.2 d", "45.64 d"]}