{"keV": [13.81, 13.9, 26.3446, 33.196, 38.54, 43.42, 51.01, 59.5409, 64.83, 69.76, 97.069, 101.059, 102.98, 113.303, 114.234, 117.463, 164.61, 208.005, 221.8, 234.4, 267.54, 292.77, 309.1, 332.35, 335.37, 337.7, 368.62, 370.94], "intensity": [0.099, 62.0, 2.43, 0.13, 0.4, 0.024, 0.34, 34.5, 1.282, 0.00095, 15.4, 24.5, 0.0064, 3.07, 5.81, 2.27, 1.86, 21.2, 0.0212, 0.0205, 0.712, 0.0025, 0.00027, 1.2, 0.0951, 0.0089, 0.0392, 0.1073], "halfLife": ["6.75 d"]}