{"keV": [6.72, 46.7, 47.547, 53.695, 53.877, 55.293, 100.0, 123.6, 192.6, 253.9, 297.8, 331.0, 339.8, 431.2, 436.1, 439.9, 444.8, 452.3, 484.0, 511.0, 552.0, 568.4, 578.1, 614.3, 875.8, 1013.6, 1113.5], "intensity": [17.1, 22.3, 39.3, 4.14, 8.02, 2.68, 0.0017, 0.00021, 0.00051, 0.00038, 0.0115, 0.00021, 0.0033, 0.0014, 0.029, 0.028, 0.00091, 0.00069, 0.00028, 0.006, 0.00032, 0.00086, 0.0013, 0.0033, 0.0069, 0.00086, 0.049], "halfLife": ["75.0 m"]}