{"keV": [14.3, 42.87, 98.9, 99.525, 103.374, 116.244, 117.228, 120.54, 152.4, 249.7, 251.8, 303.7, 343.7, 382.1, 447.8, 507.9, 555.4, 597.4, 600.7, 606.7, 697.8, 758.61, 857.48, 888.85, 900.37, 916.1, 934.6, 938.0, 959.3, 987.79, 1033.5, 1036.1, 1089.8, 1094.7, 1120.3, 1135.1, 1137.4, 1180.3, 1190.0, 1195.5, 1219.3, 1223.0, 1294.1], "intensity": [87.0, 0.1093, 1.47, 18.4, 29.2, 3.53, 6.93, 2.71, 0.012, 0.02, 0.0049, 0.0089, 0.048, 0.052, 0.013, 0.071, 0.0099, 0.0059, 0.014, 0.069, 0.035, 0.01035, 0.00394, 24.7, 0.001479, 0.089, 0.025, 0.007, 0.038, 72.2, 0.0099, 0.0158, 0.0031, 0.0158, 0.0108, 0.048, 0.0072, 0.0101, 0.0005, 0.0026, 0.0345, 0.0069, 0.0089], "halfLife": ["50.8 h", "50.8 h"]}