{"keV": [13.6, 45.244, 94.654, 98.434, 104.234, 110.421, 111.298, 114.445, 160.308, 212.46, 538.09, 642.35, 687.57, 699.0, 873.92, 958.0, 960.0, 967.0], "intensity": [9.6, 0.0447, 2.54e-05, 4.05e-05, 0.00714, 5.08e-06, 9.6e-06, 3.73e-06, 0.000402, 2.9e-05, 1.47e-07, 1.3e-05, 3.5e-06, 1.3e-08, 5.8e-07, 5e-08, 3e-08, 3e-08], "halfLife": ["6561 y"]}