{"keV": [12.3, 63.81, 85.431, 88.471, 99.432, 100.13, 102.498, 140.88], "intensity": [7.1, 0.263, 0.0017, 0.0028, 0.00034, 0.00064, 0.00024, 0.021], "halfLife": ["14.0\u00d710+9 y"]}