{"keV": [13.0, 57.78, 89.957, 93.35, 104.819, 105.604, 108.582, 129.08, 141.0, 191.0, 209.5, 270.2, 327.9, 332.3, 338.1, 478.0, 503.6, 547.0, 773.4, 817.0], "intensity": [10.9, 0.1999, 0.00521, 0.00842, 0.00104, 0.00198, 0.00076, 0.0682, 3.1e-06, 3.1e-05, 1.1e-05, 0.00316, 0.00283, 4.9e-05, 3.7e-05, 1.4e-06, 1.45e-05, 1e-06, 4.7e-06, 7.8e-07], "halfLife": ["68.9 y"]}