{"keV": [4.65, 22.7, 31.89, 33.034, 33.442, 37.72, 37.801, 38.726, 39.08, 54.65, 61.3, 61.88, 68.55, 90.18, 93.47, 102.998, 104.53, 107.34, 116.19, 130.414, 131.93, 150.2, 158.785, 162.306, 168.453, 173.38, 187.013, 193.157, 197.891, 200.6, 205.27, 220.56, 239.65, 252.54, 262.26, 262.26, 294.264, 300.884, 323.59, 355.54], "intensity": [10.2, 0.0045, 0.058, 21.3, 38.8, 3.74, 7.21, 2.33, 0.014, 0.0169, 0.002, 0.0016, 0.00076, 0.0055, 0.00093, 0.0253, 0.0021, 0.0061, 0.0027, 0.209, 0.0171, 0.0038, 0.039, 0.23, 0.0122, 0.0005, 0.0218, 0.04, 0.0136, 0.00161, 0.0042, 0.0046, 0.0131, 0.0037, 0.0034, 0.0017, 0.054, 0.088, 0.0156, 0.0088], "halfLife": ["3.16 d"]}