{"keV": [4.47, 31.817, 32.194, 36.304, 36.378, 37.255, 475.365, 511.0, 563.246, 592.58, 604.721, 659.85, 718.71, 795.864, 854.1, 861.29, 920.352, 991.73, 1017.3, 1038.61, 1087.8, 1104.5, 1114.3, 1155.83, 1167.968, 1168.63, 1184.92, 1211.154, 1243.84, 1243.84, 1255.1, 1307.0, 1320.707, 1347.34, 1368.96, 1396.73, 1402.89, 1424.511, 1431.35, 1431.35, 1483.52, 1488.3, 1517.09, 1528.54, 1554.946, 1561.4, 1579.92, 1591.1, 1649.97, 1660.57, 1660.57, 1674.6, 1683.33, 1719.05, 1730.05, 1732.12, 1749.41, 1765.71, 1774.35, 1836.43, 1883.74, 1893.35, 1918.0, 1932.16, 1959.95, 1966.09, 1995.14, 2029.19, 2051.51, 2088.26, 2091.98, 2104.09, 2124.49, 2143.24, 2156.0, 2159.5, 2159.5, 2223.77, 2240.4, 2246.7, 2282.3, 2312.91, 2334.7, 2334.71, 2456.2, 2464.15, 2482.24, 2564.84, 2570.85, 2599.84, 2612.3, 2656.11, 2667.37, 2696.52, 2722.5, 2729.0, 2748.1, 2758.9, 2764.22, 2803.5, 2827.4, 2828.1, 2845.6, 2851.05, 2866.4, 2894.92, 2938.9, 2943.3, 3027.11, 3047.4, 3061.23, 3086.59, 3160.04, 3215.7, 3245.84, 3327.18, 3368.8, 3432.1, 3450.22, 3471.0, 3548.5, 3652.0], "intensity": [0.00291, 0.0066, 0.012, 0.00115, 0.00222, 0.0007, 0.0055, 127.2, 0.362, 0.0171, 5.04, 0.0026, 0.012, 0.0085, 0.0003, 0.0033, 0.019, 0.0076, 0.0006, 0.0047, 0.0007, 0.0027, 0.002, 0.0181, 0.079, 0.02, 0.00176, 0.119, 0.0022, 0.0022, 0.00141, 0.0008, 0.083, 0.005, 0.0033, 0.0358, 0.0106, 0.185, 0.0022, 0.0022, 0.145, 0.0036, 0.0017, 0.00262, 0.412, 0.00126, 0.006, 0.0009, 0.00106, 0.0029, 0.0015, 0.0006, 0.00312, 0.0067, 0.0141, 0.234, 0.00136, 0.0021, 0.0484, 0.00171, 0.0034, 0.00242, 0.00071, 0.0042, 0.096, 0.0037, 0.09, 0.0388, 0.006, 0.058, 0.0097, 0.00318, 0.0306, 0.0158, 0.0045, 0.00023, 0.00045, 0.018, 0.0005, 0.00055, 0.0086, 0.00212, 0.00176, 0.00176, 0.00015, 0.00063, 0.0005, 0.0053, 0.0182, 0.0031, 4.5e-05, 0.00045, 0.00111, 0.00302, 0.00039, 0.0015, 1.7e-05, 0.00042, 0.00121, 0.00027, 0.0002, 3.5e-05, 0.0001, 0.00111, 0.00023, 0.00041, 0.00277, 7.1e-05, 0.00055, 2e-05, 0.00055, 0.0003, 0.00051, 0.00035, 0.00019, 0.0005, 3e-05, 2e-05, 0.00054, 1e-05, 3e-05, 2.5e-06], "halfLife": ["6.45 m"]}