{"keV": [3.77, 27.202, 27.472, 30.944, 30.995, 31.704, 166.93, 1185.6, 1279.01, 1352.14, 1654.57, 2464.29, 2631.47, 2934.0, 3.77, 27.202, 27.472, 30.944, 30.995, 31.704, 115.2, 297.0, 329.3, 706.3, 822.0, 1151.6, 1279.1], "intensity": [0.0016, 0.0045, 0.0082, 0.00076, 0.00146, 0.00042, 0.12, 0.06, 1.1, 0.93, 0.26, 0.29, 0.96, 0.013, 4.2, 10.1, 18.7, 1.73, 3.33, 0.96, 49.0, 97.0, 1.5, 57.0, 0.4, 2.3, 100.0], "halfLife": ["0.78 s", "10.07 s"]}