{"keV": [3.77, 19.8, 27.202, 27.472, 30.944, 30.995, 31.704, 35.489, 61.85, 81.02, 110.895, 116.955, 132.81, 172.719, 176.314, 178.842, 198.654, 204.138, 208.077, 209.32, 227.891, 314.95, 321.04, 331.82, 366.56, 380.452, 401.95, 408.065, 427.874, 443.555, 463.365, 489.73, 491.29, 497.37, 503.1, 538.62, 600.597, 606.713, 617.4, 635.95, 652.8, 671.441, 693.3], "intensity": [4.82, 0.0204, 13.2, 24.4, 2.25, 4.34, 1.25, 4.37, 0.0021, 0.005, 0.00104, 0.263, 0.0009, 0.191, 6.84, 0.0337, 0.0128, 0.317, 0.248, 0.045, 0.1311, 0.004, 0.416, 0.00252, 0.008, 1.517, 0.0062, 0.184, 29.6, 0.306, 10.49, 0.0014, 0.0047, 0.0032, 0.0038, 0.0014, 17.65, 4.98, 0.0053, 11.22, 0.0027, 1.791, 5e-05], "halfLife": ["2.75856 y"]}