{"keV": [3.94, 28.317, 28.612, 32.239, 32.295, 33.047, 54.968, 74.875, 113.551, 188.418, 210.418, 243.378, 258.36, 340.22, 372.081, 453.796, 511.0, 553.69, 635.382, 636.11, 717.9, 727.096, 764.17, 809.18, 819.02, 846.511, 894.42, 901.51, 937.494, 992.43, 1007.431, 1020.55, 1070.85, 1075.54, 1089.86, 1108.71, 1138.23, 1180.838, 1193.23, 1199.67, 1254.35, 1318.91, 1381.0, 1442.7, 1562.4], "intensity": [11.4, 29.9, 55.0, 5.12, 9.9, 2.93, 6.78, 0.118, 0.479, 53.8, 0.075, 30.0, 0.0135, 0.0199, 0.171, 4.67, 0.6, 0.0307, 0.118, 0.113, 0.0135, 0.0549, 0.0075, 0.007, 0.0242, 1.11, 0.016, 0.578, 0.151, 0.1017, 0.161, 0.0237, 0.0178, 0.0613, 0.0651, 0.0026, 0.299, 0.683, 0.0662, 0.004, 0.0016, 0.0011, 0.00151, 0.007, 0.00108], "halfLife": ["16.9 h"]}