{"keV": [3.6, 26.111, 26.359, 29.679, 29.726, 30.393, 149.36, 270.45, 429.5, 511.0, 627.72, 644.01, 683.21, 694.5, 699.85, 713.2, 769.3, 787.76, 843.57, 1105.57, 1121.3, 1177.04, 1216.87, 1327.38, 1338.7, 1413.19, 1479.5, 1487.36, 1749.65, 1821.3, 1875.3], "intensity": [7.1, 21.0, 38.8, 3.54, 6.82, 1.92, 0.02859, 0.12, 0.08, 4.1, 0.0143, 84.1, 0.11, 0.09, 10.1, 0.059, 0.11, 0.27, 0.29, 0.56, 0.2, 0.71, 0.0004205, 0.00841, 0.23, 1.09, 0.034, 0.000841, 4.0, 0.034, 0.042], "halfLife": ["16.05 h"]}